iteration,environment_steps,eval_episode_reward,train_episode_reward
0,0,2772.202863878287,
1,80000,,2458.017153624669
2,160000,,2168.4447154575623
3,240000,,2670.634829419699
4,320000,,2577.403823494592
5,400000,,2685.432089653437
6,480000,,2590.035436996837
7,560000,,2503.0632044947065
8,640000,,2944.2494684287144
9,720000,,2757.610283368144
10,720000,3029.6757160388593,
11,800000,,3073.486339889643
12,880000,,2968.1325113386015
13,960000,,2966.920764580603
14,1040000,,3208.789249566113
15,1120000,,3091.5849984751812
16,1200000,,3188.6435220409026
17,1280000,,3285.312260425296
18,1360000,,3116.1436763892457
19,1440000,,3170.4320917074624
20,1440000,3419.095553462887,
21,1520000,,3322.698251777565
22,1600000,,3291.391580964602
23,1680000,,3228.6940708715542
24,1760000,,3350.927437961389
25,1840000,,3207.221963606347
26,1920000,,3308.1783507207897
27,2000000,,3520.673851577191
28,2080000,,3298.9685635879473
29,2160000,,3271.6604579484374
30,2160000,3548.494412620971,
31,2240000,,3517.8888756962624
32,2320000,,3435.8156933900323
33,2400000,,3421.348743989763
34,2480000,,3497.6465167474917
35,2560000,,3560.016658911145
36,2640000,,3463.300097189939
37,2720000,,3534.2363825060406
38,2800000,,3676.7725032633803
39,2880000,,3481.4436967508245
40,2880000,3596.5411882379703,
41,2960000,,3517.1813892922714
42,3040000,,3551.730818900321
43,3120000,,3485.4751250754807
44,3200000,,3540.3979903295913
45,3280000,,3483.1686101672776
46,3360000,,3430.620568260029
47,3440000,,3515.3805707594797
48,3520000,,3482.8812649255506
49,3600000,,3473.825097021432
50,3600000,3546.6726776555806,
51,3680000,,3507.717392803978
52,3760000,,3490.124331410403
53,3840000,,3483.3648939637537
54,3920000,,3462.2877519023937
55,4000000,,3460.5840286836874
56,4080000,,3413.9429240044074
57,4160000,,3440.764381684994
58,4240000,,3350.8157916078567
59,4320000,,3410.5806195851287
60,4320000,3462.4885260545648,
61,4400000,,3460.3487599749164
62,4480000,,3342.9416380438183
63,4560000,,3393.7725406288378
64,4640000,,3409.232072173579
65,4720000,,3462.517826029591
66,4800000,,3426.4953265605277
67,4880000,,3403.9411233293094
68,4960000,,3366.3994277939773
69,5040000,,3431.432885981531
70,5040000,3410.892915300966,
71,5120000,,3397.1513550799036
72,5200000,,3399.7526869667204
73,5280000,,3388.604170268064
74,5360000,,3385.267342650903
75,5440000,,3350.3774434306993
76,5520000,,3408.873610876476
77,5600000,,3347.814719214489
78,5680000,,3354.6174792094225
79,5760000,,3310.9249127841244
80,5760000,3286.405303110104,
81,5840000,,3321.273072765854
82,5920000,,3333.0187339549316
83,6000000,,3291.838677147047
84,6080000,,3342.4669996320254
85,6160000,,3317.2346414892986
86,6240000,,3328.4814712786597
87,6320000,,3336.07616713582
88,6400000,,3267.386946889271
89,6480000,,3323.4615283018757
90,6480000,3283.672282931446,
91,6560000,,3242.6448619343323
92,6640000,,3224.7654938516894
93,6720000,,3206.2225695749416
94,6800000,,3276.1854080336843
95,6880000,,3338.055515868395
96,6960000,,3265.1945200598566
97,7040000,,3270.974359372864
98,7120000,,3239.2181713629275
99,7200000,,3327.1713973933784
100,7200000,3282.462199210865,
101,7280000,,3223.0524337050156
102,7360000,,3180.4909782334753
103,7440000,,3215.042370174064
104,7520000,,3241.10524852839
105,7600000,,3331.9095988191784
106,7680000,,3316.143381333453
107,7760000,,3258.0220144547507
108,7840000,,3131.9087185069325
109,7920000,,3280.4621980092334
110,7920000,3292.1960677269717,
111,8000000,,3328.5471579678715
112,8080000,,3242.5943197350502
113,8160000,,3298.509951452299
114,8240000,,3354.9389170255618
115,8320000,,3247.294095481689
116,8400000,,3308.7913765367234
117,8480000,,3256.0152653820796
118,8560000,,3284.923347282089
119,8640000,,3294.1557135232256
120,8640000,3323.6162164220527,
121,8720000,,3340.526776536066
122,8800000,,3272.946175658747
123,8880000,,3332.1924271044873
124,8960000,,3325.7618975831515
125,9040000,,3331.6283139398433
126,9120000,,3330.644539029396
127,9200000,,3320.5598694476503
128,9280000,,3302.1648956918225
129,9360000,,3338.837709931579
130,9360000,3340.914672280885,
131,9440000,,3274.3321506236052
132,9520000,,3325.282555976526
133,9600000,,3292.9526351785858
134,9680000,,3355.049746270498
135,9760000,,3334.485698484335
136,9840000,,3357.048088834956
137,9920000,,3352.0053221681083
138,10000000,,3330.2403537856976
139,10080000,,3354.3483111915066
140,10080000,3318.2693389111396,
141,10160000,,3323.998860062737
142,10240000,,3352.227123274969
143,10320000,,3324.8522127552606
144,10400000,,3302.0720698231476
145,10480000,,3314.5957553756034
146,10560000,,3317.0576687141706
147,10640000,,3344.2119158022815
148,10720000,,3325.670071170142
149,10800000,,3389.93029680939
150,10800000,3364.637273277431,
151,10880000,,3340.360200578338
152,10960000,,3355.0965464572855
153,11040000,,3339.705562301988
154,11120000,,3286.928584739592
155,11200000,,3346.775642944935
156,11280000,,3357.322521654215
157,11360000,,3313.0536151786882
158,11440000,,3334.695449600093
159,11520000,,3285.998263989312
160,11520000,3364.818998367012,
161,11600000,,3359.7930088000235
162,11680000,,3339.7429060352733
163,11760000,,3314.250129539802
164,11840000,,3279.3451690084667
165,11920000,,3351.022350340351
166,12000000,,3365.4913912208763
167,12080000,,3366.1169321860825
168,12160000,,3361.470604846717
169,12240000,,3304.1261647581046
170,12240000,3326.541485068221,
171,12320000,,3313.1407819948145
172,12400000,,3352.304961339786
173,12480000,,3361.5801502654376
174,12560000,,3347.3065275970766
175,12640000,,3362.2158691940153
176,12720000,,3393.8186174315892
177,12800000,,3361.250956394387
178,12880000,,3332.7127607418342
179,12960000,,3351.1185271709373
180,12960000,3295.7755546199814,
181,13040000,,3288.5213617623485
182,13120000,,3305.3301732483947
183,13200000,,3333.3860008797756
184,13280000,,3317.9218512633943
185,13360000,,3340.4189541808273
186,13440000,,3339.0626726580094
187,13520000,,3351.2971329182265
188,13600000,,3370.6667784913648
189,13680000,,3372.6032247243584
190,13680000,3358.295704916937,
191,13760000,,3382.1632825869788
192,13840000,,3361.881712753439
193,13920000,,3356.2744358012596
194,14000000,,3372.657220244507
195,14080000,,3356.7757137935628
196,14160000,,3310.329095975527
197,14240000,,3341.6287117750485
198,14320000,,3345.3933400653295
199,14400000,,3366.688285671487
200,14400000,3336.2913388743464,
201,14480000,,3384.6620131810328
202,14560000,,3303.5367865238404
203,14640000,,3335.9250378724482
204,14720000,,3386.3438419475538
205,14800000,,3334.045430848108
206,14880000,,3230.912116140468
207,14960000,,3244.0449947233933
208,15040000,,3276.4431709207824
209,15120000,,3344.8816651759016
210,15120000,3304.811033639098,
211,15200000,,3271.692123096848
212,15280000,,3286.032042451145
213,15360000,,3318.3756464040785
214,15440000,,3240.5063793806294
215,15520000,,3281.810669263152
216,15600000,,3328.5497907377207
217,15680000,,3349.668387143341
218,15760000,,3365.2433518350954
219,15840000,,3359.886629741707
220,15840000,3320.7493958162668,
221,15920000,,3306.7779371331503
222,16000000,,3335.319971393972
223,16080000,,3339.818932161547
224,16160000,,3340.1556389664493
225,16240000,,3367.425430007179
226,16320000,,3328.4747844096178
227,16400000,,3346.070742889367
228,16480000,,3342.6308131170836
229,16560000,,3351.697079048629
230,16560000,3378.3008503166084,
231,16640000,,3336.7780040589846
232,16720000,,3369.6191795735863
233,16800000,,3355.7409409478596
234,16880000,,3344.671894664615
235,16960000,,3395.6873293877725
236,17040000,,3349.584681247308
237,17120000,,3373.936811186032
238,17200000,,3360.8432144279222
239,17280000,,3432.43432297849
240,17280000,3454.300320169609,
241,17360000,,3436.3125946297055
242,17440000,,3455.7496925134524
243,17520000,,3439.3608175668787
244,17600000,,3488.7846421747063
245,17680000,,3384.2607831763426
246,17760000,,3445.205989854271
247,17840000,,3477.5912583544364
248,17920000,,3457.024955831607
249,18000000,,3420.2437290286703
250,18000000,3523.813696678169,
251,18080000,,3476.7865761260314
252,18160000,,3445.4380377968077
253,18240000,,3487.8518063281313
254,18320000,,3524.2529839248364
255,18400000,,3507.1639073896586
256,18480000,,3523.1276923459136
257,18560000,,3494.432042381906
258,18640000,,3485.412639477869
259,18720000,,3401.356315917081
260,18720000,3528.522439664819,
261,18800000,,3492.43427477634
262,18880000,,3507.0413544081616
263,18960000,,3453.858584043391
264,19040000,,3495.572839398847
265,19120000,,3419.7697014025393
266,19200000,,3381.7617963581047
267,19280000,,3365.896635709637
268,19360000,,3467.9823848873452
269,19440000,,3495.6684995329083
270,19440000,3553.0423376612735,
271,19520000,,3421.8395847261722
272,19600000,,3509.9772217141335
273,19680000,,3462.318059743709
274,19760000,,3427.552616409395
275,19840000,,3478.4288012936195
276,19920000,,3500.9053450163124
277,20000000,,3518.6272367885003
278,20080000,,3316.352419321771
279,20160000,,3391.8474700236334
280,20160000,3510.356102563096,
281,20240000,,3464.020881398044
282,20320000,,3333.251736626947
283,20400000,,3473.1683119464287
284,20480000,,3430.1184209960416
285,20560000,,3511.2689101946607
286,20640000,,3383.8416050004666
287,20720000,,3413.2426695605604
288,20800000,,3501.9512245749847
289,20880000,,3396.5518805788847
290,20880000,3467.992864364713,
291,20960000,,3490.9717855962836
292,21040000,,3407.294581392919
293,21120000,,3450.0400244886723
294,21200000,,3418.2720261538543
295,21280000,,3379.8919384272085
296,21360000,,3301.47954810474
297,21440000,,3507.305217416064
298,21520000,,3458.432248470122
299,21600000,,3528.818423463106
300,21600000,3468.837349462293,
301,21680000,,3349.501033040124
302,21760000,,3299.360226451968
303,21840000,,3408.8725314888366
304,21920000,,3485.38377770561
305,22000000,,3310.225493891578
306,22080000,,3317.510225109142
307,22160000,,3398.7843595226386
308,22240000,,3480.414929654377
309,22320000,,3264.725921604604
310,22320000,3473.5457874925896,
311,22400000,,3506.5146981031144
312,22480000,,3459.842541401305
313,22560000,,3475.4788295681265
314,22640000,,3385.1287369534366
315,22720000,,3454.4933891163173
316,22800000,,3387.7257615837093
317,22880000,,3487.1184054350233
318,22960000,,3389.6455244365384
319,23040000,,3433.6679877582733
320,23040000,3440.88541501266,
321,23120000,,3391.693080672873
322,23200000,,3517.736749835587
323,23280000,,3388.266531067009
324,23360000,,3497.3038390250686
325,23440000,,3490.0186297932273
326,23520000,,3514.109618777942
327,23600000,,3463.1808189709095
328,23680000,,3484.2416404868713
329,23760000,,3521.455066255866
330,23760000,3465.997088526439,
331,23840000,,3498.6825146696556
332,23920000,,3420.1128144711483
333,24000000,,3364.6149533728267
334,24080000,,3409.792587700017
335,24160000,,3438.686710286169
336,24240000,,3468.4889126843036
337,24320000,,3450.033637307137
338,24400000,,3371.589765378116
339,24480000,,3505.1531305813996
340,24480000,3495.9569937342376,
341,24560000,,3528.859306170457
342,24640000,,3491.4420161457097
343,24720000,,3497.877660146955
344,24800000,,3462.658205780742
345,24880000,,3513.4681121720296
346,24960000,,3550.2240491011853
347,25040000,,3471.8244488375844
348,25120000,,3593.2741278390963
349,25200000,,3458.404027536699
350,25200000,3566.1282434026703,
351,25280000,,3585.045935935273
352,25360000,,3602.4528045124725
353,25440000,,3451.2323789495326
354,25520000,,3555.7915180742
355,25600000,,3645.2104361901756
356,25680000,,3568.5164043219206
357,25760000,,3467.0204422646934
358,25840000,,3568.0262117265106
359,25920000,,3476.808060629635
360,25920000,3491.897688983132,
361,26000000,,3503.1938606877184
362,26080000,,3424.386109057333
363,26160000,,3142.1902922272857
364,26240000,,3490.3754808971016
365,26320000,,3387.619174050826
366,26400000,,3550.2972562282835
367,26480000,,3550.788545899561
368,26560000,,3584.665087911356
369,26640000,,3590.4079388027317
370,26640000,3616.8809144595607,
371,26720000,,3531.3650528803523
372,26800000,,3548.0607662358398
373,26880000,,3628.429871821809
374,26960000,,3576.381665567558
375,27040000,,3542.506300335849
376,27120000,,3394.1917905173927
377,27200000,,3625.637432308834
378,27280000,,3576.5538820258926
379,27360000,,3682.3064600179846
380,27360000,3652.622975790204,
381,27440000,,3566.116150573422
382,27520000,,3469.4786351795365
383,27600000,,3659.2028197736095
384,27680000,,3644.837910200349
385,27760000,,3507.479200526568
386,27840000,,3684.281306370181
387,27920000,,3525.569048067241
388,28000000,,3670.3897197508045
389,28080000,,3472.913489196524
390,28080000,3626.623261421256,
391,28160000,,3508.660610427712
392,28240000,,3654.4050810769786
393,28320000,,3579.1956690630664
394,28400000,,3596.453656489441
395,28480000,,3729.4397832322998
396,28560000,,3582.5824435405425
397,28640000,,3614.719618895427
398,28720000,,3528.752720857246
399,28800000,,3475.9304339113537
400,28800000,3591.292989632099,
401,28880000,,3572.324368603839
402,28960000,,3476.5295244127647
403,29040000,,3574.611178425185
404,29120000,,3635.96447272595
405,29200000,,3668.0640970882473
406,29280000,,3362.6898492577097
407,29360000,,3484.105999509068
408,29440000,,3668.199198180739
409,29520000,,3493.2581313352666
410,29520000,3657.1125490428685,
411,29600000,,3507.8749475790214
412,29680000,,3620.6262654219345
413,29760000,,3616.186671237079
414,29840000,,3561.2699880552755
415,29920000,,3669.5417813715526
416,30000000,,3642.348698829501
417,30080000,,3625.4895133637933
418,30160000,,3591.158713386318
419,30240000,,3586.755448784212
420,30240000,3630.0770774219286,
421,30320000,,3615.2180224154713
422,30400000,,3588.7270496419537
423,30480000,,3609.3908767487133
424,30560000,,3560.4294300920933
425,30640000,,3583.8506335297475
426,30720000,,3520.1313068697427
427,30800000,,3651.6740147120368
428,30880000,,3627.8914482236733
429,30960000,,3624.0320595067756
430,30960000,3554.402765330525,
431,31040000,,3588.230365964222
432,31120000,,3545.3659768723533
433,31200000,,3474.47659105985
434,31280000,,3501.559680673896
435,31360000,,3687.6292443581056
436,31440000,,3646.2473106595703
437,31520000,,3625.71426052359
438,31600000,,3546.744655129244
439,31680000,,3602.102471729739
440,31680000,3605.299176848418,
441,31760000,,3669.3600340902913
442,31840000,,3700.3987725294023
443,31920000,,3623.4158545113078
444,32000000,,3646.332081489537
445,32080000,,3591.8476319335305
446,32160000,,3554.8461808079333
447,32240000,,3463.4498831137735
448,32320000,,3615.40829005112
449,32400000,,3531.0219685321313
450,32400000,3553.103437579956,
451,32480000,,3668.615666275843
452,32560000,,3553.5942316159512
453,32640000,,3688.3908236172356
454,32720000,,3683.057976480589
455,32800000,,3702.2031847515846
456,32880000,,3657.3420924458733
457,32960000,,3535.2919963084432
458,33040000,,3611.51548430862
459,33120000,,3629.6057264266315
460,33120000,3615.371410044046,
461,33200000,,3639.5670046363093
462,33280000,,3642.5333593261703
463,33360000,,3678.8386759345053
464,33440000,,3612.3578817453654
465,33520000,,3652.4623640059544
466,33600000,,3589.5364852713774
467,33680000,,3569.8238770676835
468,33760000,,3664.779572172365
469,33840000,,3518.760561078636
470,33840000,3603.548633197862,
471,33920000,,3653.2566278980216
472,34000000,,3662.2237377220126
473,34080000,,3550.9970119537443
474,34160000,,3623.9176970452786
475,34240000,,3526.2355320728047
476,34320000,,3568.6190664646865
477,34400000,,3557.51559385282
478,34480000,,3564.677598550374
479,34560000,,3635.1112876330776
480,34560000,3634.673856173418,
481,34640000,,3508.609227991065
482,34720000,,3534.731465664601
483,34800000,,3595.8698022108124
484,34880000,,3469.3172279737923
485,34960000,,3566.732172311158
486,35040000,,3552.8223679758826
487,35120000,,3575.062208089413
488,35200000,,3489.588630833952
489,35280000,,3653.359959771126
490,35280000,3620.115832052633,
491,35360000,,3701.6079543944606
492,35440000,,3514.964861562166
493,35520000,,3645.9861440489913
494,35600000,,3514.3048004859875
495,35680000,,3592.2707923189614
496,35760000,,3634.555991731519
497,35840000,,3664.003085195642
498,35920000,,3616.5331115596987
499,36000000,,3627.1055814815218
500,36000000,3621.5912396137646,
501,36080000,,3590.96468825036
502,36160000,,3446.034739783912
503,36240000,,3614.280052532122
504,36320000,,3485.5563627369934
505,36400000,,3606.7298928875434
506,36480000,,3679.7065797271034
507,36560000,,3534.5258792841305
508,36640000,,3668.938650967384
509,36720000,,3582.9831429031265
510,36720000,3579.3408892687266,
511,36800000,,3560.1490443280677
512,36880000,,3654.2577416084496
513,36960000,,3618.7004420965613
514,37040000,,3425.1782751517953
515,37120000,,3595.162395403194
516,37200000,,3446.0411343631704
517,37280000,,3645.2527737347486
518,37360000,,3664.5549544169526
519,37440000,,3570.860221819322
520,37440000,3518.1257980313085,
521,37520000,,3631.843230265335
522,37600000,,3624.597954605301
523,37680000,,3638.094095577226
524,37760000,,3617.8458895155977
525,37840000,,3571.5940728095966
526,37920000,,3585.6263943687954
527,38000000,,3630.745775299008
528,38080000,,3595.9377640627745
529,38160000,,3552.715443782687
530,38160000,3621.5985082819366,
531,38240000,,3707.673726767602
532,38320000,,3670.0010557451737
533,38400000,,3615.261890095962
534,38480000,,3646.316274329238
535,38560000,,3689.3869614439773
536,38640000,,3678.1065690558557
537,38720000,,3614.9629194046643
538,38800000,,3581.779562138697
539,38880000,,3523.7372459031553
540,38880000,3618.4103086824157,
541,38960000,,3667.079500263868
542,39040000,,3612.4289267737186
543,39120000,,3630.5237233026805
544,39200000,,3632.4974433112275
545,39280000,,3543.271871458319
546,39360000,,3571.4930649000444
547,39440000,,3497.467452994946
548,39520000,,3572.21604227584
549,39600000,,3556.538154241401
550,39600000,3662.073941487507,
551,39680000,,3537.272047697933
552,39760000,,3580.068936099114
553,39840000,,3693.053382781188
554,39920000,,3581.667876911358
555,40000000,,3675.4475642099897
556,40080000,,3546.1444372832607
557,40160000,,3626.678731997517
558,40240000,,3585.052704162791
559,40320000,,3665.7944356383164
560,40320000,3726.8372338946965,
561,40400000,,3597.110929961527
562,40480000,,3675.185346308722
563,40560000,,3671.4063051095795
564,40640000,,3398.1859188971766
565,40720000,,3564.2475934585
566,40800000,,3610.7512819523104
567,40880000,,3682.9888790745795
568,40960000,,3587.8498592783394
569,41040000,,3686.1660675972157
570,41040000,3662.668631531258,
571,41120000,,3622.5300562597304
572,41200000,,3626.607873889059
573,41280000,,3624.3760634985038
574,41360000,,3594.7441443941175
575,41440000,,3634.837725108356
576,41520000,,3595.768250792843
577,41600000,,3561.9420724749602
578,41680000,,3655.1813959249516
579,41760000,,3514.7063922398047
580,41760000,3608.396219314408,
581,41840000,,3650.446495731619
582,41920000,,3683.508566329746
583,42000000,,3692.6989114087764
584,42080000,,3548.995373598388
585,42160000,,3610.678501547631
586,42240000,,3589.657833108005
587,42320000,,3641.0007799038463
588,42400000,,3648.2011261701505
589,42480000,,3659.3160891958764
590,42480000,3580.5890449047265,
591,42560000,,3733.50378431046
592,42640000,,3611.3977420115875
593,42720000,,3617.430111991185
594,42800000,,3624.93873412791
595,42880000,,3577.9154554233096
596,42960000,,3704.309976513667
597,43040000,,3696.7500623258725
598,43120000,,3677.346448535942
599,43200000,,3643.191079682944
600,43200000,3690.4026798871637,
601,43280000,,3622.044612117046
602,43360000,,3591.8302301272843
603,43440000,,3668.884895906183
604,43520000,,3609.683337342168
605,43600000,,3682.9633872226823
606,43680000,,3655.6547428280537
607,43760000,,3664.8788154048775
608,43840000,,3719.6618156223376
609,43920000,,3620.561082438641
610,43920000,3644.9389839355113,
611,44000000,,3707.081993405825
612,44080000,,3686.543025427182
613,44160000,,3690.1972627181094
614,44240000,,3668.1059192426264
615,44320000,,3690.14172603906
616,44400000,,3590.8425152428326
617,44480000,,3639.7676325877796
618,44560000,,3633.2693879251
619,44640000,,3512.4893018603366
620,44640000,3641.584996087371,
621,44720000,,3656.5236053636845
622,44800000,,3659.469209013498
623,44880000,,3711.966867660914
624,44960000,,3620.9877117773694
625,45040000,,3550.7857707550843
626,45120000,,3486.427522295614
627,45200000,,3679.3627405503958
628,45280000,,3716.5630120346655
629,45360000,,3595.757474528133
630,45360000,3641.558966319756,
631,45440000,,3504.7288029029164
632,45520000,,3655.5008825077657
633,45600000,,3777.5215629378
634,45680000,,3636.46964631982
635,45760000,,3781.5916942783947
636,45840000,,3715.744418077102
637,45920000,,3592.448537450984
638,46000000,,3491.423782488141
639,46080000,,3733.900682823998
640,46080000,3845.744859037202,
641,46160000,,3767.523905540932
642,46240000,,3809.9768209902036
643,46320000,,3651.033753725149
644,46400000,,3699.625260740225
645,46480000,,3542.32942034997
646,46560000,,3627.460752482713
647,46640000,,3697.683046311424
648,46720000,,3792.5940059102136
649,46800000,,3614.2320411387063
650,46800000,3734.725202076035,
651,46880000,,3684.770719148197
652,46960000,,3765.005819066232
653,47040000,,3705.6757388003443
654,47120000,,3727.628217163281
655,47200000,,3710.8949339013952
656,47280000,,3761.6606564892427
657,47360000,,3821.8434276128028
658,47440000,,3778.8887049900795
659,47520000,,3775.326459093344
660,47520000,3728.904700689981,
661,47600000,,3677.525687070521
662,47680000,,3592.689831310404
663,47760000,,3669.9271319651984
664,47840000,,3740.5207730138454
665,47920000,,3703.037452272109
666,48000000,,3668.103443672702
667,48080000,,3620.051958832522
668,48160000,,3688.194371458775
669,48240000,,3540.668255171859
670,48240000,3688.790492475159,
671,48320000,,3797.008432117167
672,48400000,,3718.089889754116
673,48480000,,3742.4958653111967
674,48560000,,3703.5973996473094
675,48640000,,3696.8140819405517
676,48720000,,3757.2040011083272
677,48800000,,3683.9501103215225
678,48880000,,3733.658731891245
679,48960000,,3648.8115032399032
680,48960000,3790.278852617493,
681,49040000,,3700.811368458223
682,49120000,,3635.7156462269595
683,49200000,,3763.431444803295
684,49280000,,3751.4740161541226
685,49360000,,3734.0895512751404
686,49440000,,3826.396243598987
687,49520000,,3791.2290188195993
688,49600000,,3732.8689169501877
689,49680000,,3704.086660317301
690,49680000,3774.72649049317,
691,49760000,,3789.576959513682
692,49840000,,3863.712468050232
693,49920000,,3631.020559809165
694,50000000,,3657.953644511951
695,50080000,,3753.877054722183
696,50160000,,3777.83737072196
697,50240000,,3644.945082284123
698,50320000,,3776.6203029485578
699,50400000,,3733.1617514906898
700,50400000,3883.300851684579,
701,50480000,,3837.877522787181
702,50560000,,3813.695982858059
703,50640000,,3765.1182282105283
704,50720000,,3631.463211148481
705,50800000,,3834.4825632853876
706,50880000,,3765.539201140085
707,50960000,,3628.6606310877924
708,51040000,,3706.4533459612758
709,51120000,,3816.60184477692
710,51120000,3832.4926440260206,
711,51200000,,3712.4438168242627
712,51280000,,3736.045057032208
713,51360000,,3576.4129173194647
714,51440000,,3696.701879006443
715,51520000,,3639.57608544999
716,51600000,,3851.0770154823667
717,51680000,,3712.155513005623
718,51760000,,3790.170746408775
719,51840000,,3646.793707694932
720,51840000,3792.51339256771,
721,51920000,,3806.28382222855
722,52000000,,3681.7684024336177
723,52080000,,3751.0908130068387
724,52160000,,3836.4893376008267
725,52240000,,3827.0128743632813
726,52320000,,3861.344713697501
727,52400000,,3689.7874303594936
728,52480000,,3842.5035279292856
729,52560000,,3680.934581830764
730,52560000,3874.127997644041,
731,52640000,,3685.304328403746
732,52720000,,3724.897323266602
733,52800000,,3725.688041283983
734,52880000,,3857.236385664827
735,52960000,,3605.3696644552515
736,53040000,,3811.009377205163
737,53120000,,3595.176379831867
738,53200000,,3861.99408659307
739,53280000,,3617.6457451981278
740,53280000,3796.587251123764,
741,53360000,,3821.7187181175673
742,53440000,,3757.688118093814
743,53520000,,3633.336942124631
744,53600000,,3751.4219860240064
745,53680000,,3851.2659827474235
746,53760000,,3824.4974175415655
747,53840000,,3715.5208148121305
748,53920000,,3742.6844630866867
749,54000000,,3673.8914015798923
750,54000000,3817.6689010714044,
751,54080000,,3697.633754982548
752,54160000,,3755.9302646874535
753,54240000,,3810.9745461588195
754,54320000,,3678.558475061753
755,54400000,,3788.0919379029174
756,54480000,,3734.1547735237737
757,54560000,,3850.783270157996
758,54640000,,3639.487031274877
759,54720000,,3640.0211168238575
760,54720000,3844.998623282621,
761,54800000,,3785.8446204425977
762,54880000,,3686.046327116522
763,54960000,,3883.945233524087
764,55040000,,3812.788792196635
765,55120000,,3707.8594690917475
766,55200000,,3750.5395076225955
767,55280000,,3875.8978147036605
768,55360000,,3689.075559270257
769,55440000,,3471.7605199202103
770,55440000,3737.2546259449227,
771,55520000,,3792.007371876003
772,55600000,,3809.5758886177096
773,55680000,,3814.075822273022
774,55760000,,3767.791045863234
775,55840000,,3707.8571427049947
776,55920000,,3729.3266430265744
777,56000000,,3750.7235144283827
778,56080000,,3695.5040681567107
779,56160000,,3781.6685970401586
780,56160000,3795.014765058912,
781,56240000,,3790.0428048555927
782,56320000,,3870.2546711121636
783,56400000,,3719.3199127307344
784,56480000,,3847.1674135137937
785,56560000,,3783.5080657013887
786,56640000,,3698.9598585671893
787,56720000,,3714.428106286651
788,56800000,,3729.3140555714212
789,56880000,,3774.8515448980106
790,56880000,3837.9390442589092,
791,56960000,,3656.9760907661403
792,57040000,,3784.919295118006
793,57120000,,3670.196100329259
794,57200000,,3753.806981099355
795,57280000,,3729.3745449646153
796,57360000,,3674.7498976341117
797,57440000,,3670.536843921683
798,57520000,,3607.166724010493
799,57600000,,3805.169852583979
800,57600000,3826.4971132960186,
801,57680000,,3817.7416044686306
802,57760000,,3809.615306281617
803,57840000,,3787.592815040724
804,57920000,,3749.2972004194535
805,58000000,,3745.7578130521397
806,58080000,,3759.59501948871
807,58160000,,3680.7842307594774
808,58240000,,3748.5603164320923
809,58320000,,3675.92765380923
810,58320000,3849.778146323578,
811,58400000,,3683.633717395153
812,58480000,,3813.2128441918585
813,58560000,,3706.065143868376
814,58640000,,3824.9022044631643
815,58720000,,3607.6949257474184
816,58800000,,3813.1396888659424
817,58880000,,3774.505251442433
818,58960000,,3764.098003080801
819,59040000,,3788.6462454259636
820,59040000,3792.624593042519,
821,59120000,,3801.57368387339
822,59200000,,3837.2053126944706
823,59280000,,3726.4185003686903
824,59360000,,3736.551715421004
825,59440000,,3796.342322070231
826,59520000,,3680.1249967721424
827,59600000,,3707.3836326049454
828,59680000,,3735.768368526879
829,59760000,,3766.303799344089
830,59760000,3772.631755846954,
831,59840000,,3688.9739242866817
832,59920000,,3802.8335876063297
833,60000000,,3808.463166965331
834,60080000,,3752.8637345739885
835,60160000,,3779.7503478166836
836,60240000,,3761.378695022225
837,60320000,,3530.920019550973
838,60400000,,3787.08523421611
839,60480000,,3716.227368348049
840,60480000,3860.7299269813966,
841,60560000,,3710.478619187385
842,60640000,,3875.2921854041792
843,60720000,,3752.5007739288576
844,60800000,,3751.412195386311
845,60880000,,3580.419382239324
846,60960000,,3789.2972194447493
847,61040000,,3830.1669129450706
848,61120000,,3619.6285709920826
849,61200000,,3872.7496334183606
850,61200000,3819.9351391781884,
851,61280000,,3770.685220000899
852,61360000,,3854.986060272058
853,61440000,,3822.4000794171225
854,61520000,,3868.996655960855
855,61600000,,3812.3079189914993
856,61680000,,3749.180659142621
857,61760000,,3674.0347919335823
858,61840000,,3805.0636193276932
859,61920000,,3723.8826482168583
860,61920000,3814.736522062061,
861,62000000,,3792.173537700604
862,62080000,,3654.607779725141
863,62160000,,3559.1940471950597
864,62240000,,3563.210917017804
865,62320000,,3692.072573904305
866,62400000,,3664.791212817592
867,62480000,,3818.6152799966108
868,62560000,,3694.8494378766122
869,62640000,,3899.9841752682873
870,62640000,3816.3710414739253,
871,62720000,,3848.320629809391
872,62800000,,3799.956248475253
873,62880000,,3815.0915149565444
874,62960000,,3845.6226540226103
875,63040000,,3701.480258607905
876,63120000,,3642.1995990660585
877,63200000,,3660.2111711589096
878,63280000,,3802.8606114790055
879,63360000,,3761.378053330258
880,63360000,3899.07376290298,
881,63440000,,3733.954963330629
882,63520000,,3805.3428742087413
883,63600000,,3774.3148213026484
884,63680000,,3810.9300191522066
885,63760000,,3909.7534700368665
886,63840000,,3756.5131111399196
887,63920000,,3693.443557248668
888,64000000,,3890.757938549498
889,64080000,,3772.454454945459
890,64080000,3963.337962895255,
891,64160000,,3856.5268680287772
892,64240000,,3780.327732169439
893,64320000,,3957.8964992199813
894,64400000,,3882.3845223419003
895,64480000,,3800.9685640145253
896,64560000,,3788.21291029411
897,64640000,,3865.8955730214657
898,64720000,,3688.021670593323
899,64800000,,3753.5782846866446
900,64800000,3870.6033482045505,
901,64880000,,3820.007259890677
902,64960000,,3813.133945989209
903,65040000,,3799.4174527475466
904,65120000,,3835.264316900451
905,65200000,,3989.4393569992862
906,65280000,,3875.370594587652
907,65360000,,3733.640301495303
908,65440000,,3805.3538372024186
909,65520000,,3865.953526610162
910,65520000,3938.1502287655894,
911,65600000,,3840.3813076325036
912,65680000,,3906.1236150337763
913,65760000,,3743.1752609587584
914,65840000,,3902.302751631785
915,65920000,,3754.126253070656
916,66000000,,3800.877696059487
917,66080000,,3832.4482026546316
918,66160000,,3771.5255324831737
919,66240000,,3672.6822730888066
920,66240000,3913.7069343682947,
921,66320000,,3824.7862461321797
922,66400000,,3948.3745000048148
923,66480000,,3863.425465231708
924,66560000,,3780.5899882684375
925,66640000,,3795.985457632308
926,66720000,,3887.06376098609
927,66800000,,3796.5509016124875
928,66880000,,3751.255135495758
929,66960000,,3670.0734565682847
930,66960000,3909.369460562346,
931,67040000,,3805.6497267223167
932,67120000,,3934.4577544003164
933,67200000,,3746.642705242034
934,67280000,,3962.6362265618077
935,67360000,,3792.396717213927
936,67440000,,3644.561478655723
937,67520000,,3690.581039891479
938,67600000,,3897.9784677090506
939,67680000,,3839.738619342189
940,67680000,3937.8477995521944,
941,67760000,,3927.646498399008
942,67840000,,3831.9215511500647
943,67920000,,3835.801079194915
944,68000000,,3756.247010846034
945,68080000,,3825.9758885290244
946,68160000,,3824.7914586602024
947,68240000,,3826.76874794897
948,68320000,,3737.14211778693
949,68400000,,3787.98825205487
950,68400000,3921.2191639196926,
951,68480000,,3846.135470874652
952,68560000,,3795.568589949808
953,68640000,,3731.7252932147453
954,68720000,,3792.3941706689175
955,68800000,,3775.3518063753186
956,68880000,,3682.2908380287463
957,68960000,,3703.5133578590035
958,69040000,,3621.7159566393757
959,69120000,,3857.3836878241755
960,69120000,3964.247498005335,
961,69200000,,3781.9847166559716
962,69280000,,3877.547973937836
963,69360000,,3886.5386317331227
964,69440000,,3870.6210846863755
965,69520000,,3864.5185411272846
966,69600000,,3749.1224886268296
967,69680000,,3793.0111770950366
968,69760000,,3732.6222674429723
969,69840000,,3846.2977509121697
970,69840000,3979.244093043152,
971,69920000,,3735.5656055444415
972,70000000,,3960.1579669815633
973,70080000,,3769.7695629463533
974,70160000,,3909.3026532656468
975,70240000,,3796.101334729314
976,70320000,,3971.4408775305615
977,70400000,,3848.3851203505947
978,70480000,,3577.533442768032
979,70560000,,3813.6070008553725
980,70560000,3946.791997574118,
981,70640000,,3849.24247837971
982,70720000,,3829.790075082583
983,70800000,,3905.2800417786875
984,70880000,,3782.240056129899
985,70960000,,3908.467158034226
986,71040000,,3976.349090078598
987,71120000,,3842.680904896964
988,71200000,,3623.6767324238017
989,71280000,,3868.0587553921287
990,71280000,3943.77793363189,
991,71360000,,3959.7941949974384
992,71440000,,3919.1455145547243
993,71520000,,3878.9820927473947
994,71600000,,3935.7179668137414
995,71680000,,3929.4774371652147
996,71760000,,3873.314368162072
997,71840000,,3824.6314996124743
998,71920000,,3817.3321740962956
999,72000000,,3750.9145757475862
