"task","checkpoint_hash","reset_seed","source_policy","boundary","pulse_direction","condition","screening_or_test","block","draw","native_success","termination_reason","remaining_horizon","actual_steps","snapshot_id","pulse_id","actual_action_delta"
"square","c9e22005b58ba2524782e3068c8341554e419acf66f095e238e56df41d9a7aa3","920001","bc","20","","parent","parent","","-1","0","horizon_or_natural_termination","0","400","","","0.0"
"square","c9e22005b58ba2524782e3068c8341554e419acf66f095e238e56df41d9a7aa3","920001","bc","20","+x","sham","pulse","","-1","0","pulse_complete","316","4","square-seed920001-bc-b20","square-seed920001-bc-b20","0.0"
"square","c9e22005b58ba2524782e3068c8341554e419acf66f095e238e56df41d9a7aa3","920001","bc","20","+x","perturbed","pulse","","-1","0","pulse_complete","316","4","square-seed920001-bc-b20","square-seed920001-bc-b20","0.25"
"square","c9e22005b58ba2524782e3068c8341554e419acf66f095e238e56df41d9a7aa3","920001","bc","20","+x","bc_sham","screening","","0","0","episode_horizon","0","316","square-seed920001-bc-b20","square-seed920001-bc-b20","0.0"
"square","c9e22005b58ba2524782e3068c8341554e419acf66f095e238e56df41d9a7aa3","920001","bc","20","+x","bc_sham","screening","","1","0","episode_horizon","0","316","square-seed920001-bc-b20","square-seed920001-bc-b20","0.0"
"square","c9e22005b58ba2524782e3068c8341554e419acf66f095e238e56df41d9a7aa3","920001","bc","20","+x","bc_sham","screening","","2","0","episode_horizon","0","316","square-seed920001-bc-b20","square-seed920001-bc-b20","0.0"
"square","c9e22005b58ba2524782e3068c8341554e419acf66f095e238e56df41d9a7aa3","920001","bc","20","+x","bc_sham","screening","","3","0","episode_horizon","0","316","square-seed920001-bc-b20","square-seed920001-bc-b20","0.0"
"square","c9e22005b58ba2524782e3068c8341554e419acf66f095e238e56df41d9a7aa3","920001","bc","20","+x","bc_perturbed","screening","","0","0","episode_horizon","0","316","square-seed920001-bc-b20","square-seed920001-bc-b20","0.0"
"square","c9e22005b58ba2524782e3068c8341554e419acf66f095e238e56df41d9a7aa3","920001","bc","20","+x","bc_perturbed","screening","","1","0","episode_horizon","0","316","square-seed920001-bc-b20","square-seed920001-bc-b20","0.0"
"square","c9e22005b58ba2524782e3068c8341554e419acf66f095e238e56df41d9a7aa3","920001","bc","20","+x","bc_perturbed","screening","","2","0","episode_horizon","0","316","square-seed920001-bc-b20","square-seed920001-bc-b20","0.0"
"square","c9e22005b58ba2524782e3068c8341554e419acf66f095e238e56df41d9a7aa3","920001","bc","20","+x","bc_perturbed","screening","","3","0","episode_horizon","0","316","square-seed920001-bc-b20","square-seed920001-bc-b20","0.0"
"square","c9e22005b58ba2524782e3068c8341554e419acf66f095e238e56df41d9a7aa3","920002","bc","40","","parent","parent","","-1","0","horizon_or_natural_termination","0","400","","","0.0"
"square","c9e22005b58ba2524782e3068c8341554e419acf66f095e238e56df41d9a7aa3","920002","bc","40","-x","sham","pulse","","-1","0","pulse_complete","236","4","square-seed920002-bc-b40","square-seed920002-bc-b40","0.0"
"square","c9e22005b58ba2524782e3068c8341554e419acf66f095e238e56df41d9a7aa3","920002","bc","40","-x","perturbed","pulse","","-1","0","pulse_complete","236","4","square-seed920002-bc-b40","square-seed920002-bc-b40","0.25"
"square","c9e22005b58ba2524782e3068c8341554e419acf66f095e238e56df41d9a7aa3","920002","bc","40","-x","bc_sham","screening","","0","0","episode_horizon","0","236","square-seed920002-bc-b40","square-seed920002-bc-b40","0.0"
"square","c9e22005b58ba2524782e3068c8341554e419acf66f095e238e56df41d9a7aa3","920002","bc","40","-x","bc_sham","screening","","1","0","episode_horizon","0","236","square-seed920002-bc-b40","square-seed920002-bc-b40","0.0"
"square","c9e22005b58ba2524782e3068c8341554e419acf66f095e238e56df41d9a7aa3","920002","bc","40","-x","bc_sham","screening","","2","0","episode_horizon","0","236","square-seed920002-bc-b40","square-seed920002-bc-b40","0.0"
"square","c9e22005b58ba2524782e3068c8341554e419acf66f095e238e56df41d9a7aa3","920002","bc","40","-x","bc_sham","screening","","3","0","episode_horizon","0","236","square-seed920002-bc-b40","square-seed920002-bc-b40","0.0"
"square","c9e22005b58ba2524782e3068c8341554e419acf66f095e238e56df41d9a7aa3","920002","bc","40","-x","bc_perturbed","screening","","0","0","episode_horizon","0","236","square-seed920002-bc-b40","square-seed920002-bc-b40","0.0"
"square","c9e22005b58ba2524782e3068c8341554e419acf66f095e238e56df41d9a7aa3","920002","bc","40","-x","bc_perturbed","screening","","1","0","episode_horizon","0","236","square-seed920002-bc-b40","square-seed920002-bc-b40","0.0"
"square","c9e22005b58ba2524782e3068c8341554e419acf66f095e238e56df41d9a7aa3","920002","bc","40","-x","bc_perturbed","screening","","2","0","episode_horizon","0","236","square-seed920002-bc-b40","square-seed920002-bc-b40","0.0"
"square","c9e22005b58ba2524782e3068c8341554e419acf66f095e238e56df41d9a7aa3","920002","bc","40","-x","bc_perturbed","screening","","3","0","episode_horizon","0","236","square-seed920002-bc-b40","square-seed920002-bc-b40","0.0"
"square","c9e22005b58ba2524782e3068c8341554e419acf66f095e238e56df41d9a7aa3","920003","bc","20","","parent","parent","","-1","0","horizon_or_natural_termination","0","400","","","0.0"
"square","c9e22005b58ba2524782e3068c8341554e419acf66f095e238e56df41d9a7aa3","920003","bc","20","+y","sham","pulse","","-1","0","pulse_complete","316","4","square-seed920003-bc-b20","square-seed920003-bc-b20","0.0"
"square","c9e22005b58ba2524782e3068c8341554e419acf66f095e238e56df41d9a7aa3","920003","bc","20","+y","perturbed","pulse","","-1","0","pulse_complete","316","4","square-seed920003-bc-b20","square-seed920003-bc-b20","0.25"
"square","c9e22005b58ba2524782e3068c8341554e419acf66f095e238e56df41d9a7aa3","920003","bc","20","+y","bc_sham","screening","","0","0","episode_horizon","0","316","square-seed920003-bc-b20","square-seed920003-bc-b20","0.0"
"square","c9e22005b58ba2524782e3068c8341554e419acf66f095e238e56df41d9a7aa3","920003","bc","20","+y","bc_sham","screening","","1","1","native_success","180","136","square-seed920003-bc-b20","square-seed920003-bc-b20","0.0"
"square","c9e22005b58ba2524782e3068c8341554e419acf66f095e238e56df41d9a7aa3","920003","bc","20","+y","bc_sham","screening","","2","1","native_success","164","152","square-seed920003-bc-b20","square-seed920003-bc-b20","0.0"
"square","c9e22005b58ba2524782e3068c8341554e419acf66f095e238e56df41d9a7aa3","920003","bc","20","+y","bc_sham","screening","","3","0","episode_horizon","0","316","square-seed920003-bc-b20","square-seed920003-bc-b20","0.0"
"square","c9e22005b58ba2524782e3068c8341554e419acf66f095e238e56df41d9a7aa3","920003","bc","20","+y","bc_perturbed","screening","","0","0","episode_horizon","0","316","square-seed920003-bc-b20","square-seed920003-bc-b20","0.0"
"square","c9e22005b58ba2524782e3068c8341554e419acf66f095e238e56df41d9a7aa3","920003","bc","20","+y","bc_perturbed","screening","","1","1","native_success","188","128","square-seed920003-bc-b20","square-seed920003-bc-b20","0.0"
"square","c9e22005b58ba2524782e3068c8341554e419acf66f095e238e56df41d9a7aa3","920003","bc","20","+y","bc_perturbed","screening","","2","0","episode_horizon","0","316","square-seed920003-bc-b20","square-seed920003-bc-b20","0.0"
"square","c9e22005b58ba2524782e3068c8341554e419acf66f095e238e56df41d9a7aa3","920003","bc","20","+y","bc_perturbed","screening","","3","1","native_success","172","144","square-seed920003-bc-b20","square-seed920003-bc-b20","0.0"
"square","c9e22005b58ba2524782e3068c8341554e419acf66f095e238e56df41d9a7aa3","920004","bc","40","","parent","parent","","-1","0","horizon_or_natural_termination","0","400","","","0.0"
"square","c9e22005b58ba2524782e3068c8341554e419acf66f095e238e56df41d9a7aa3","920004","bc","40","-y","sham","pulse","","-1","0","pulse_complete","236","4","square-seed920004-bc-b40","square-seed920004-bc-b40","0.0"
"square","c9e22005b58ba2524782e3068c8341554e419acf66f095e238e56df41d9a7aa3","920004","bc","40","-y","perturbed","pulse","","-1","0","pulse_complete","236","4","square-seed920004-bc-b40","square-seed920004-bc-b40","0.25"
"square","c9e22005b58ba2524782e3068c8341554e419acf66f095e238e56df41d9a7aa3","920004","bc","40","-y","bc_sham","screening","","0","0","episode_horizon","0","236","square-seed920004-bc-b40","square-seed920004-bc-b40","0.0"
"square","c9e22005b58ba2524782e3068c8341554e419acf66f095e238e56df41d9a7aa3","920004","bc","40","-y","bc_sham","screening","","1","0","episode_horizon","0","236","square-seed920004-bc-b40","square-seed920004-bc-b40","0.0"
"square","c9e22005b58ba2524782e3068c8341554e419acf66f095e238e56df41d9a7aa3","920004","bc","40","-y","bc_sham","screening","","2","0","episode_horizon","0","236","square-seed920004-bc-b40","square-seed920004-bc-b40","0.0"
"square","c9e22005b58ba2524782e3068c8341554e419acf66f095e238e56df41d9a7aa3","920004","bc","40","-y","bc_sham","screening","","3","0","episode_horizon","0","236","square-seed920004-bc-b40","square-seed920004-bc-b40","0.0"
"square","c9e22005b58ba2524782e3068c8341554e419acf66f095e238e56df41d9a7aa3","920004","bc","40","-y","bc_perturbed","screening","","0","0","episode_horizon","0","236","square-seed920004-bc-b40","square-seed920004-bc-b40","0.0"
"square","c9e22005b58ba2524782e3068c8341554e419acf66f095e238e56df41d9a7aa3","920004","bc","40","-y","bc_perturbed","screening","","1","0","episode_horizon","0","236","square-seed920004-bc-b40","square-seed920004-bc-b40","0.0"
"square","c9e22005b58ba2524782e3068c8341554e419acf66f095e238e56df41d9a7aa3","920004","bc","40","-y","bc_perturbed","screening","","2","0","episode_horizon","0","236","square-seed920004-bc-b40","square-seed920004-bc-b40","0.0"
"square","c9e22005b58ba2524782e3068c8341554e419acf66f095e238e56df41d9a7aa3","920004","bc","40","-y","bc_perturbed","screening","","3","0","episode_horizon","0","236","square-seed920004-bc-b40","square-seed920004-bc-b40","0.0"
"square","c9e22005b58ba2524782e3068c8341554e419acf66f095e238e56df41d9a7aa3","920005","bc","20","","parent","parent","","-1","0","horizon_or_natural_termination","0","400","","","0.0"
"square","c9e22005b58ba2524782e3068c8341554e419acf66f095e238e56df41d9a7aa3","920005","bc","20","+x","sham","pulse","","-1","0","pulse_complete","316","4","square-seed920005-bc-b20","square-seed920005-bc-b20","0.0"
"square","c9e22005b58ba2524782e3068c8341554e419acf66f095e238e56df41d9a7aa3","920005","bc","20","+x","perturbed","pulse","","-1","0","pulse_complete","316","4","square-seed920005-bc-b20","square-seed920005-bc-b20","0.25"
"square","c9e22005b58ba2524782e3068c8341554e419acf66f095e238e56df41d9a7aa3","920005","bc","20","+x","bc_sham","screening","","0","1","native_success","44","272","square-seed920005-bc-b20","square-seed920005-bc-b20","0.0"
"square","c9e22005b58ba2524782e3068c8341554e419acf66f095e238e56df41d9a7aa3","920005","bc","20","+x","bc_sham","screening","","1","1","native_success","132","184","square-seed920005-bc-b20","square-seed920005-bc-b20","0.0"
"square","c9e22005b58ba2524782e3068c8341554e419acf66f095e238e56df41d9a7aa3","920005","bc","20","+x","bc_sham","screening","","2","0","episode_horizon","0","316","square-seed920005-bc-b20","square-seed920005-bc-b20","0.0"
"square","c9e22005b58ba2524782e3068c8341554e419acf66f095e238e56df41d9a7aa3","920005","bc","20","+x","bc_sham","screening","","3","1","native_success","140","176","square-seed920005-bc-b20","square-seed920005-bc-b20","0.0"
"square","c9e22005b58ba2524782e3068c8341554e419acf66f095e238e56df41d9a7aa3","920005","bc","20","+x","bc_perturbed","screening","","0","1","native_success","140","176","square-seed920005-bc-b20","square-seed920005-bc-b20","0.0"
"square","c9e22005b58ba2524782e3068c8341554e419acf66f095e238e56df41d9a7aa3","920005","bc","20","+x","bc_perturbed","screening","","1","1","native_success","116","200","square-seed920005-bc-b20","square-seed920005-bc-b20","0.0"
"square","c9e22005b58ba2524782e3068c8341554e419acf66f095e238e56df41d9a7aa3","920005","bc","20","+x","bc_perturbed","screening","","2","1","native_success","96","220","square-seed920005-bc-b20","square-seed920005-bc-b20","0.0"
"square","c9e22005b58ba2524782e3068c8341554e419acf66f095e238e56df41d9a7aa3","920005","bc","20","+x","bc_perturbed","screening","","3","1","native_success","208","108","square-seed920005-bc-b20","square-seed920005-bc-b20","0.0"
"square","c9e22005b58ba2524782e3068c8341554e419acf66f095e238e56df41d9a7aa3","920006","bc","40","","parent","parent","","-1","1","horizon_or_natural_termination","0","400","","","0.0"
"square","c9e22005b58ba2524782e3068c8341554e419acf66f095e238e56df41d9a7aa3","920006","bc","40","-x","sham","pulse","","-1","0","pulse_complete","236","4","square-seed920006-bc-b40","square-seed920006-bc-b40","0.0"
"square","c9e22005b58ba2524782e3068c8341554e419acf66f095e238e56df41d9a7aa3","920006","bc","40","-x","perturbed","pulse","","-1","0","pulse_complete","236","4","square-seed920006-bc-b40","square-seed920006-bc-b40","0.25"
"square","c9e22005b58ba2524782e3068c8341554e419acf66f095e238e56df41d9a7aa3","920006","bc","40","-x","bc_sham","screening","","0","0","episode_horizon","0","236","square-seed920006-bc-b40","square-seed920006-bc-b40","0.0"
"square","c9e22005b58ba2524782e3068c8341554e419acf66f095e238e56df41d9a7aa3","920006","bc","40","-x","bc_sham","screening","","1","0","episode_horizon","0","236","square-seed920006-bc-b40","square-seed920006-bc-b40","0.0"
"square","c9e22005b58ba2524782e3068c8341554e419acf66f095e238e56df41d9a7aa3","920006","bc","40","-x","bc_sham","screening","","2","0","episode_horizon","0","236","square-seed920006-bc-b40","square-seed920006-bc-b40","0.0"
"square","c9e22005b58ba2524782e3068c8341554e419acf66f095e238e56df41d9a7aa3","920006","bc","40","-x","bc_sham","screening","","3","0","episode_horizon","0","236","square-seed920006-bc-b40","square-seed920006-bc-b40","0.0"
"square","c9e22005b58ba2524782e3068c8341554e419acf66f095e238e56df41d9a7aa3","920006","bc","40","-x","bc_perturbed","screening","","0","0","episode_horizon","0","236","square-seed920006-bc-b40","square-seed920006-bc-b40","0.0"
"square","c9e22005b58ba2524782e3068c8341554e419acf66f095e238e56df41d9a7aa3","920006","bc","40","-x","bc_perturbed","screening","","1","1","native_success","124","112","square-seed920006-bc-b40","square-seed920006-bc-b40","0.0"
"square","c9e22005b58ba2524782e3068c8341554e419acf66f095e238e56df41d9a7aa3","920006","bc","40","-x","bc_perturbed","screening","","2","1","native_success","96","140","square-seed920006-bc-b40","square-seed920006-bc-b40","0.0"
"square","c9e22005b58ba2524782e3068c8341554e419acf66f095e238e56df41d9a7aa3","920006","bc","40","-x","bc_perturbed","screening","","3","0","episode_horizon","0","236","square-seed920006-bc-b40","square-seed920006-bc-b40","0.0"
"square","c9e22005b58ba2524782e3068c8341554e419acf66f095e238e56df41d9a7aa3","920007","bc","20","","parent","parent","","-1","0","horizon_or_natural_termination","0","400","","","0.0"
"square","c9e22005b58ba2524782e3068c8341554e419acf66f095e238e56df41d9a7aa3","920007","bc","20","+y","sham","pulse","","-1","0","pulse_complete","316","4","square-seed920007-bc-b20","square-seed920007-bc-b20","0.0"
"square","c9e22005b58ba2524782e3068c8341554e419acf66f095e238e56df41d9a7aa3","920007","bc","20","+y","perturbed","pulse","","-1","0","pulse_complete","316","4","square-seed920007-bc-b20","square-seed920007-bc-b20","0.25"
"square","c9e22005b58ba2524782e3068c8341554e419acf66f095e238e56df41d9a7aa3","920007","bc","20","+y","bc_sham","screening","","0","0","episode_horizon","0","316","square-seed920007-bc-b20","square-seed920007-bc-b20","0.0"
"square","c9e22005b58ba2524782e3068c8341554e419acf66f095e238e56df41d9a7aa3","920007","bc","20","+y","bc_sham","screening","","1","0","episode_horizon","0","316","square-seed920007-bc-b20","square-seed920007-bc-b20","0.0"
"square","c9e22005b58ba2524782e3068c8341554e419acf66f095e238e56df41d9a7aa3","920007","bc","20","+y","bc_sham","screening","","2","0","episode_horizon","0","316","square-seed920007-bc-b20","square-seed920007-bc-b20","0.0"
"square","c9e22005b58ba2524782e3068c8341554e419acf66f095e238e56df41d9a7aa3","920007","bc","20","+y","bc_sham","screening","","3","0","episode_horizon","0","316","square-seed920007-bc-b20","square-seed920007-bc-b20","0.0"
"square","c9e22005b58ba2524782e3068c8341554e419acf66f095e238e56df41d9a7aa3","920007","bc","20","+y","bc_perturbed","screening","","0","0","episode_horizon","0","316","square-seed920007-bc-b20","square-seed920007-bc-b20","0.0"
"square","c9e22005b58ba2524782e3068c8341554e419acf66f095e238e56df41d9a7aa3","920007","bc","20","+y","bc_perturbed","screening","","1","0","episode_horizon","0","316","square-seed920007-bc-b20","square-seed920007-bc-b20","0.0"
"square","c9e22005b58ba2524782e3068c8341554e419acf66f095e238e56df41d9a7aa3","920007","bc","20","+y","bc_perturbed","screening","","2","0","episode_horizon","0","316","square-seed920007-bc-b20","square-seed920007-bc-b20","0.0"
"square","c9e22005b58ba2524782e3068c8341554e419acf66f095e238e56df41d9a7aa3","920007","bc","20","+y","bc_perturbed","screening","","3","0","episode_horizon","0","316","square-seed920007-bc-b20","square-seed920007-bc-b20","0.0"
"square","c9e22005b58ba2524782e3068c8341554e419acf66f095e238e56df41d9a7aa3","920008","bc","40","","parent","parent","","-1","0","horizon_or_natural_termination","0","400","","","0.0"
"square","c9e22005b58ba2524782e3068c8341554e419acf66f095e238e56df41d9a7aa3","920008","bc","40","-y","sham","pulse","","-1","0","pulse_complete","236","4","square-seed920008-bc-b40","square-seed920008-bc-b40","0.0"
"square","c9e22005b58ba2524782e3068c8341554e419acf66f095e238e56df41d9a7aa3","920008","bc","40","-y","perturbed","pulse","","-1","0","pulse_complete","236","4","square-seed920008-bc-b40","square-seed920008-bc-b40","0.25"
"square","c9e22005b58ba2524782e3068c8341554e419acf66f095e238e56df41d9a7aa3","920008","bc","40","-y","bc_sham","screening","","0","0","episode_horizon","0","236","square-seed920008-bc-b40","square-seed920008-bc-b40","0.0"
"square","c9e22005b58ba2524782e3068c8341554e419acf66f095e238e56df41d9a7aa3","920008","bc","40","-y","bc_sham","screening","","1","0","episode_horizon","0","236","square-seed920008-bc-b40","square-seed920008-bc-b40","0.0"
"square","c9e22005b58ba2524782e3068c8341554e419acf66f095e238e56df41d9a7aa3","920008","bc","40","-y","bc_sham","screening","","2","0","episode_horizon","0","236","square-seed920008-bc-b40","square-seed920008-bc-b40","0.0"
"square","c9e22005b58ba2524782e3068c8341554e419acf66f095e238e56df41d9a7aa3","920008","bc","40","-y","bc_sham","screening","","3","0","episode_horizon","0","236","square-seed920008-bc-b40","square-seed920008-bc-b40","0.0"
"square","c9e22005b58ba2524782e3068c8341554e419acf66f095e238e56df41d9a7aa3","920008","bc","40","-y","bc_perturbed","screening","","0","0","episode_horizon","0","236","square-seed920008-bc-b40","square-seed920008-bc-b40","0.0"
"square","c9e22005b58ba2524782e3068c8341554e419acf66f095e238e56df41d9a7aa3","920008","bc","40","-y","bc_perturbed","screening","","1","0","episode_horizon","0","236","square-seed920008-bc-b40","square-seed920008-bc-b40","0.0"
"square","c9e22005b58ba2524782e3068c8341554e419acf66f095e238e56df41d9a7aa3","920008","bc","40","-y","bc_perturbed","screening","","2","0","episode_horizon","0","236","square-seed920008-bc-b40","square-seed920008-bc-b40","0.0"
"square","c9e22005b58ba2524782e3068c8341554e419acf66f095e238e56df41d9a7aa3","920008","bc","40","-y","bc_perturbed","screening","","3","0","episode_horizon","0","236","square-seed920008-bc-b40","square-seed920008-bc-b40","0.0"
"square","c9e22005b58ba2524782e3068c8341554e419acf66f095e238e56df41d9a7aa3","920009","bc","20","","parent","parent","","-1","0","horizon_or_natural_termination","0","400","","","0.0"
"square","c9e22005b58ba2524782e3068c8341554e419acf66f095e238e56df41d9a7aa3","920009","bc","20","+x","sham","pulse","","-1","0","pulse_complete","316","4","square-seed920009-bc-b20","square-seed920009-bc-b20","0.0"
"square","c9e22005b58ba2524782e3068c8341554e419acf66f095e238e56df41d9a7aa3","920009","bc","20","+x","perturbed","pulse","","-1","0","pulse_complete","316","4","square-seed920009-bc-b20","square-seed920009-bc-b20","0.25"
"square","c9e22005b58ba2524782e3068c8341554e419acf66f095e238e56df41d9a7aa3","920009","bc","20","+x","bc_sham","screening","","0","0","episode_horizon","0","316","square-seed920009-bc-b20","square-seed920009-bc-b20","0.0"
"square","c9e22005b58ba2524782e3068c8341554e419acf66f095e238e56df41d9a7aa3","920009","bc","20","+x","bc_sham","screening","","1","0","episode_horizon","0","316","square-seed920009-bc-b20","square-seed920009-bc-b20","0.0"
"square","c9e22005b58ba2524782e3068c8341554e419acf66f095e238e56df41d9a7aa3","920009","bc","20","+x","bc_sham","screening","","2","1","native_success","84","232","square-seed920009-bc-b20","square-seed920009-bc-b20","0.0"
"square","c9e22005b58ba2524782e3068c8341554e419acf66f095e238e56df41d9a7aa3","920009","bc","20","+x","bc_sham","screening","","3","0","episode_horizon","0","316","square-seed920009-bc-b20","square-seed920009-bc-b20","0.0"
"square","c9e22005b58ba2524782e3068c8341554e419acf66f095e238e56df41d9a7aa3","920009","bc","20","+x","bc_perturbed","screening","","0","0","episode_horizon","0","316","square-seed920009-bc-b20","square-seed920009-bc-b20","0.0"
"square","c9e22005b58ba2524782e3068c8341554e419acf66f095e238e56df41d9a7aa3","920009","bc","20","+x","bc_perturbed","screening","","1","0","episode_horizon","0","316","square-seed920009-bc-b20","square-seed920009-bc-b20","0.0"
"square","c9e22005b58ba2524782e3068c8341554e419acf66f095e238e56df41d9a7aa3","920009","bc","20","+x","bc_perturbed","screening","","2","0","episode_horizon","0","316","square-seed920009-bc-b20","square-seed920009-bc-b20","0.0"
"square","c9e22005b58ba2524782e3068c8341554e419acf66f095e238e56df41d9a7aa3","920009","bc","20","+x","bc_perturbed","screening","","3","0","episode_horizon","0","316","square-seed920009-bc-b20","square-seed920009-bc-b20","0.0"
"square","c9e22005b58ba2524782e3068c8341554e419acf66f095e238e56df41d9a7aa3","920010","bc","40","","parent","parent","","-1","0","horizon_or_natural_termination","0","400","","","0.0"
"square","c9e22005b58ba2524782e3068c8341554e419acf66f095e238e56df41d9a7aa3","920010","bc","40","-x","sham","pulse","","-1","0","pulse_complete","236","4","square-seed920010-bc-b40","square-seed920010-bc-b40","0.0"
"square","c9e22005b58ba2524782e3068c8341554e419acf66f095e238e56df41d9a7aa3","920010","bc","40","-x","perturbed","pulse","","-1","0","pulse_complete","236","4","square-seed920010-bc-b40","square-seed920010-bc-b40","0.25"
"square","c9e22005b58ba2524782e3068c8341554e419acf66f095e238e56df41d9a7aa3","920010","bc","40","-x","bc_sham","screening","","0","0","episode_horizon","0","236","square-seed920010-bc-b40","square-seed920010-bc-b40","0.0"
"square","c9e22005b58ba2524782e3068c8341554e419acf66f095e238e56df41d9a7aa3","920010","bc","40","-x","bc_sham","screening","","1","0","episode_horizon","0","236","square-seed920010-bc-b40","square-seed920010-bc-b40","0.0"
"square","c9e22005b58ba2524782e3068c8341554e419acf66f095e238e56df41d9a7aa3","920010","bc","40","-x","bc_sham","screening","","2","0","episode_horizon","0","236","square-seed920010-bc-b40","square-seed920010-bc-b40","0.0"
"square","c9e22005b58ba2524782e3068c8341554e419acf66f095e238e56df41d9a7aa3","920010","bc","40","-x","bc_sham","screening","","3","0","episode_horizon","0","236","square-seed920010-bc-b40","square-seed920010-bc-b40","0.0"
"square","c9e22005b58ba2524782e3068c8341554e419acf66f095e238e56df41d9a7aa3","920010","bc","40","-x","bc_perturbed","screening","","0","0","episode_horizon","0","236","square-seed920010-bc-b40","square-seed920010-bc-b40","0.0"
"square","c9e22005b58ba2524782e3068c8341554e419acf66f095e238e56df41d9a7aa3","920010","bc","40","-x","bc_perturbed","screening","","1","0","episode_horizon","0","236","square-seed920010-bc-b40","square-seed920010-bc-b40","0.0"
"square","c9e22005b58ba2524782e3068c8341554e419acf66f095e238e56df41d9a7aa3","920010","bc","40","-x","bc_perturbed","screening","","2","0","episode_horizon","0","236","square-seed920010-bc-b40","square-seed920010-bc-b40","0.0"
"square","c9e22005b58ba2524782e3068c8341554e419acf66f095e238e56df41d9a7aa3","920010","bc","40","-x","bc_perturbed","screening","","3","0","episode_horizon","0","236","square-seed920010-bc-b40","square-seed920010-bc-b40","0.0"
"square","c9e22005b58ba2524782e3068c8341554e419acf66f095e238e56df41d9a7aa3","920011","bc","20","","parent","parent","","-1","0","horizon_or_natural_termination","0","400","","","0.0"
"square","c9e22005b58ba2524782e3068c8341554e419acf66f095e238e56df41d9a7aa3","920011","bc","20","+y","sham","pulse","","-1","0","pulse_complete","316","4","square-seed920011-bc-b20","square-seed920011-bc-b20","0.0"
"square","c9e22005b58ba2524782e3068c8341554e419acf66f095e238e56df41d9a7aa3","920011","bc","20","+y","perturbed","pulse","","-1","0","pulse_complete","316","4","square-seed920011-bc-b20","square-seed920011-bc-b20","0.25"
"square","c9e22005b58ba2524782e3068c8341554e419acf66f095e238e56df41d9a7aa3","920011","bc","20","+y","bc_sham","screening","","0","0","episode_horizon","0","316","square-seed920011-bc-b20","square-seed920011-bc-b20","0.0"
"square","c9e22005b58ba2524782e3068c8341554e419acf66f095e238e56df41d9a7aa3","920011","bc","20","+y","bc_sham","screening","","1","1","native_success","80","236","square-seed920011-bc-b20","square-seed920011-bc-b20","0.0"
"square","c9e22005b58ba2524782e3068c8341554e419acf66f095e238e56df41d9a7aa3","920011","bc","20","+y","bc_sham","screening","","2","0","episode_horizon","0","316","square-seed920011-bc-b20","square-seed920011-bc-b20","0.0"
"square","c9e22005b58ba2524782e3068c8341554e419acf66f095e238e56df41d9a7aa3","920011","bc","20","+y","bc_sham","screening","","3","1","native_success","136","180","square-seed920011-bc-b20","square-seed920011-bc-b20","0.0"
"square","c9e22005b58ba2524782e3068c8341554e419acf66f095e238e56df41d9a7aa3","920011","bc","20","+y","bc_perturbed","screening","","0","1","native_success","136","180","square-seed920011-bc-b20","square-seed920011-bc-b20","0.0"
"square","c9e22005b58ba2524782e3068c8341554e419acf66f095e238e56df41d9a7aa3","920011","bc","20","+y","bc_perturbed","screening","","1","1","native_success","60","256","square-seed920011-bc-b20","square-seed920011-bc-b20","0.0"
"square","c9e22005b58ba2524782e3068c8341554e419acf66f095e238e56df41d9a7aa3","920011","bc","20","+y","bc_perturbed","screening","","2","0","episode_horizon","0","316","square-seed920011-bc-b20","square-seed920011-bc-b20","0.0"
"square","c9e22005b58ba2524782e3068c8341554e419acf66f095e238e56df41d9a7aa3","920011","bc","20","+y","bc_perturbed","screening","","3","1","native_success","184","132","square-seed920011-bc-b20","square-seed920011-bc-b20","0.0"
"square","c9e22005b58ba2524782e3068c8341554e419acf66f095e238e56df41d9a7aa3","920012","bc","40","","parent","parent","","-1","0","horizon_or_natural_termination","0","400","","","0.0"
"square","c9e22005b58ba2524782e3068c8341554e419acf66f095e238e56df41d9a7aa3","920012","bc","40","-y","sham","pulse","","-1","0","pulse_complete","236","4","square-seed920012-bc-b40","square-seed920012-bc-b40","0.0"
"square","c9e22005b58ba2524782e3068c8341554e419acf66f095e238e56df41d9a7aa3","920012","bc","40","-y","perturbed","pulse","","-1","0","pulse_complete","236","4","square-seed920012-bc-b40","square-seed920012-bc-b40","0.25"
"square","c9e22005b58ba2524782e3068c8341554e419acf66f095e238e56df41d9a7aa3","920012","bc","40","-y","bc_sham","screening","","0","0","episode_horizon","0","236","square-seed920012-bc-b40","square-seed920012-bc-b40","0.0"
"square","c9e22005b58ba2524782e3068c8341554e419acf66f095e238e56df41d9a7aa3","920012","bc","40","-y","bc_sham","screening","","1","0","episode_horizon","0","236","square-seed920012-bc-b40","square-seed920012-bc-b40","0.0"
"square","c9e22005b58ba2524782e3068c8341554e419acf66f095e238e56df41d9a7aa3","920012","bc","40","-y","bc_sham","screening","","2","0","episode_horizon","0","236","square-seed920012-bc-b40","square-seed920012-bc-b40","0.0"
"square","c9e22005b58ba2524782e3068c8341554e419acf66f095e238e56df41d9a7aa3","920012","bc","40","-y","bc_sham","screening","","3","0","episode_horizon","0","236","square-seed920012-bc-b40","square-seed920012-bc-b40","0.0"
"square","c9e22005b58ba2524782e3068c8341554e419acf66f095e238e56df41d9a7aa3","920012","bc","40","-y","bc_perturbed","screening","","0","0","episode_horizon","0","236","square-seed920012-bc-b40","square-seed920012-bc-b40","0.0"
"square","c9e22005b58ba2524782e3068c8341554e419acf66f095e238e56df41d9a7aa3","920012","bc","40","-y","bc_perturbed","screening","","1","0","episode_horizon","0","236","square-seed920012-bc-b40","square-seed920012-bc-b40","0.0"
"square","c9e22005b58ba2524782e3068c8341554e419acf66f095e238e56df41d9a7aa3","920012","bc","40","-y","bc_perturbed","screening","","2","0","episode_horizon","0","236","square-seed920012-bc-b40","square-seed920012-bc-b40","0.0"
"square","c9e22005b58ba2524782e3068c8341554e419acf66f095e238e56df41d9a7aa3","920012","bc","40","-y","bc_perturbed","screening","","3","0","episode_horizon","0","236","square-seed920012-bc-b40","square-seed920012-bc-b40","0.0"
"square","c9e22005b58ba2524782e3068c8341554e419acf66f095e238e56df41d9a7aa3","920013","bc","20","","parent","parent","","-1","0","horizon_or_natural_termination","0","400","","","0.0"
"square","c9e22005b58ba2524782e3068c8341554e419acf66f095e238e56df41d9a7aa3","920013","bc","20","+x","sham","pulse","","-1","0","pulse_complete","316","4","square-seed920013-bc-b20","square-seed920013-bc-b20","0.0"
"square","c9e22005b58ba2524782e3068c8341554e419acf66f095e238e56df41d9a7aa3","920013","bc","20","+x","perturbed","pulse","","-1","0","pulse_complete","316","4","square-seed920013-bc-b20","square-seed920013-bc-b20","0.25"
"square","c9e22005b58ba2524782e3068c8341554e419acf66f095e238e56df41d9a7aa3","920013","bc","20","+x","bc_sham","screening","","0","0","episode_horizon","0","316","square-seed920013-bc-b20","square-seed920013-bc-b20","0.0"
"square","c9e22005b58ba2524782e3068c8341554e419acf66f095e238e56df41d9a7aa3","920013","bc","20","+x","bc_sham","screening","","1","0","episode_horizon","0","316","square-seed920013-bc-b20","square-seed920013-bc-b20","0.0"
"square","c9e22005b58ba2524782e3068c8341554e419acf66f095e238e56df41d9a7aa3","920013","bc","20","+x","bc_sham","screening","","2","0","episode_horizon","0","316","square-seed920013-bc-b20","square-seed920013-bc-b20","0.0"
"square","c9e22005b58ba2524782e3068c8341554e419acf66f095e238e56df41d9a7aa3","920013","bc","20","+x","bc_sham","screening","","3","0","episode_horizon","0","316","square-seed920013-bc-b20","square-seed920013-bc-b20","0.0"
"square","c9e22005b58ba2524782e3068c8341554e419acf66f095e238e56df41d9a7aa3","920013","bc","20","+x","bc_perturbed","screening","","0","0","episode_horizon","0","316","square-seed920013-bc-b20","square-seed920013-bc-b20","0.0"
"square","c9e22005b58ba2524782e3068c8341554e419acf66f095e238e56df41d9a7aa3","920013","bc","20","+x","bc_perturbed","screening","","1","0","episode_horizon","0","316","square-seed920013-bc-b20","square-seed920013-bc-b20","0.0"
"square","c9e22005b58ba2524782e3068c8341554e419acf66f095e238e56df41d9a7aa3","920013","bc","20","+x","bc_perturbed","screening","","2","1","native_success","104","212","square-seed920013-bc-b20","square-seed920013-bc-b20","0.0"
"square","c9e22005b58ba2524782e3068c8341554e419acf66f095e238e56df41d9a7aa3","920013","bc","20","+x","bc_perturbed","screening","","3","0","episode_horizon","0","316","square-seed920013-bc-b20","square-seed920013-bc-b20","0.0"
"square","c9e22005b58ba2524782e3068c8341554e419acf66f095e238e56df41d9a7aa3","920014","bc","40","","parent","parent","","-1","0","horizon_or_natural_termination","0","400","","","0.0"
"square","c9e22005b58ba2524782e3068c8341554e419acf66f095e238e56df41d9a7aa3","920014","bc","40","-x","sham","pulse","","-1","0","pulse_complete","236","4","square-seed920014-bc-b40","square-seed920014-bc-b40","0.0"
"square","c9e22005b58ba2524782e3068c8341554e419acf66f095e238e56df41d9a7aa3","920014","bc","40","-x","perturbed","pulse","","-1","0","pulse_complete","236","4","square-seed920014-bc-b40","square-seed920014-bc-b40","0.25"
"square","c9e22005b58ba2524782e3068c8341554e419acf66f095e238e56df41d9a7aa3","920014","bc","40","-x","bc_sham","screening","","0","0","episode_horizon","0","236","square-seed920014-bc-b40","square-seed920014-bc-b40","0.0"
"square","c9e22005b58ba2524782e3068c8341554e419acf66f095e238e56df41d9a7aa3","920014","bc","40","-x","bc_sham","screening","","1","0","episode_horizon","0","236","square-seed920014-bc-b40","square-seed920014-bc-b40","0.0"
"square","c9e22005b58ba2524782e3068c8341554e419acf66f095e238e56df41d9a7aa3","920014","bc","40","-x","bc_sham","screening","","2","0","episode_horizon","0","236","square-seed920014-bc-b40","square-seed920014-bc-b40","0.0"
"square","c9e22005b58ba2524782e3068c8341554e419acf66f095e238e56df41d9a7aa3","920014","bc","40","-x","bc_sham","screening","","3","0","episode_horizon","0","236","square-seed920014-bc-b40","square-seed920014-bc-b40","0.0"
"square","c9e22005b58ba2524782e3068c8341554e419acf66f095e238e56df41d9a7aa3","920014","bc","40","-x","bc_perturbed","screening","","0","0","episode_horizon","0","236","square-seed920014-bc-b40","square-seed920014-bc-b40","0.0"
"square","c9e22005b58ba2524782e3068c8341554e419acf66f095e238e56df41d9a7aa3","920014","bc","40","-x","bc_perturbed","screening","","1","0","episode_horizon","0","236","square-seed920014-bc-b40","square-seed920014-bc-b40","0.0"
"square","c9e22005b58ba2524782e3068c8341554e419acf66f095e238e56df41d9a7aa3","920014","bc","40","-x","bc_perturbed","screening","","2","0","episode_horizon","0","236","square-seed920014-bc-b40","square-seed920014-bc-b40","0.0"
"square","c9e22005b58ba2524782e3068c8341554e419acf66f095e238e56df41d9a7aa3","920014","bc","40","-x","bc_perturbed","screening","","3","0","episode_horizon","0","236","square-seed920014-bc-b40","square-seed920014-bc-b40","0.0"
"square","c9e22005b58ba2524782e3068c8341554e419acf66f095e238e56df41d9a7aa3","920015","bc","20","","parent","parent","","-1","0","horizon_or_natural_termination","0","400","","","0.0"
"square","c9e22005b58ba2524782e3068c8341554e419acf66f095e238e56df41d9a7aa3","920015","bc","20","+y","sham","pulse","","-1","0","pulse_complete","316","4","square-seed920015-bc-b20","square-seed920015-bc-b20","0.0"
"square","c9e22005b58ba2524782e3068c8341554e419acf66f095e238e56df41d9a7aa3","920015","bc","20","+y","perturbed","pulse","","-1","0","pulse_complete","316","4","square-seed920015-bc-b20","square-seed920015-bc-b20","0.25"
"square","c9e22005b58ba2524782e3068c8341554e419acf66f095e238e56df41d9a7aa3","920015","bc","20","+y","bc_sham","screening","","0","0","episode_horizon","0","316","square-seed920015-bc-b20","square-seed920015-bc-b20","0.0"
"square","c9e22005b58ba2524782e3068c8341554e419acf66f095e238e56df41d9a7aa3","920015","bc","20","+y","bc_sham","screening","","1","0","episode_horizon","0","316","square-seed920015-bc-b20","square-seed920015-bc-b20","0.0"
"square","c9e22005b58ba2524782e3068c8341554e419acf66f095e238e56df41d9a7aa3","920015","bc","20","+y","bc_sham","screening","","2","0","episode_horizon","0","316","square-seed920015-bc-b20","square-seed920015-bc-b20","0.0"
"square","c9e22005b58ba2524782e3068c8341554e419acf66f095e238e56df41d9a7aa3","920015","bc","20","+y","bc_sham","screening","","3","0","episode_horizon","0","316","square-seed920015-bc-b20","square-seed920015-bc-b20","0.0"
"square","c9e22005b58ba2524782e3068c8341554e419acf66f095e238e56df41d9a7aa3","920015","bc","20","+y","bc_perturbed","screening","","0","0","episode_horizon","0","316","square-seed920015-bc-b20","square-seed920015-bc-b20","0.0"
"square","c9e22005b58ba2524782e3068c8341554e419acf66f095e238e56df41d9a7aa3","920015","bc","20","+y","bc_perturbed","screening","","1","0","episode_horizon","0","316","square-seed920015-bc-b20","square-seed920015-bc-b20","0.0"
"square","c9e22005b58ba2524782e3068c8341554e419acf66f095e238e56df41d9a7aa3","920015","bc","20","+y","bc_perturbed","screening","","2","0","episode_horizon","0","316","square-seed920015-bc-b20","square-seed920015-bc-b20","0.0"
"square","c9e22005b58ba2524782e3068c8341554e419acf66f095e238e56df41d9a7aa3","920015","bc","20","+y","bc_perturbed","screening","","3","0","episode_horizon","0","316","square-seed920015-bc-b20","square-seed920015-bc-b20","0.0"
"square","c9e22005b58ba2524782e3068c8341554e419acf66f095e238e56df41d9a7aa3","920016","bc","40","","parent","parent","","-1","0","horizon_or_natural_termination","0","400","","","0.0"
"square","c9e22005b58ba2524782e3068c8341554e419acf66f095e238e56df41d9a7aa3","920016","bc","40","-y","sham","pulse","","-1","0","pulse_complete","236","4","square-seed920016-bc-b40","square-seed920016-bc-b40","0.0"
"square","c9e22005b58ba2524782e3068c8341554e419acf66f095e238e56df41d9a7aa3","920016","bc","40","-y","perturbed","pulse","","-1","0","pulse_complete","236","4","square-seed920016-bc-b40","square-seed920016-bc-b40","0.25"
"square","c9e22005b58ba2524782e3068c8341554e419acf66f095e238e56df41d9a7aa3","920016","bc","40","-y","bc_sham","screening","","0","0","episode_horizon","0","236","square-seed920016-bc-b40","square-seed920016-bc-b40","0.0"
"square","c9e22005b58ba2524782e3068c8341554e419acf66f095e238e56df41d9a7aa3","920016","bc","40","-y","bc_sham","screening","","1","1","native_success","184","52","square-seed920016-bc-b40","square-seed920016-bc-b40","0.0"
"square","c9e22005b58ba2524782e3068c8341554e419acf66f095e238e56df41d9a7aa3","920016","bc","40","-y","bc_sham","screening","","2","0","episode_horizon","0","236","square-seed920016-bc-b40","square-seed920016-bc-b40","0.0"
"square","c9e22005b58ba2524782e3068c8341554e419acf66f095e238e56df41d9a7aa3","920016","bc","40","-y","bc_sham","screening","","3","0","episode_horizon","0","236","square-seed920016-bc-b40","square-seed920016-bc-b40","0.0"
"square","c9e22005b58ba2524782e3068c8341554e419acf66f095e238e56df41d9a7aa3","920016","bc","40","-y","bc_perturbed","screening","","0","0","episode_horizon","0","236","square-seed920016-bc-b40","square-seed920016-bc-b40","0.0"
"square","c9e22005b58ba2524782e3068c8341554e419acf66f095e238e56df41d9a7aa3","920016","bc","40","-y","bc_perturbed","screening","","1","0","episode_horizon","0","236","square-seed920016-bc-b40","square-seed920016-bc-b40","0.0"
"square","c9e22005b58ba2524782e3068c8341554e419acf66f095e238e56df41d9a7aa3","920016","bc","40","-y","bc_perturbed","screening","","2","0","episode_horizon","0","236","square-seed920016-bc-b40","square-seed920016-bc-b40","0.0"
"square","c9e22005b58ba2524782e3068c8341554e419acf66f095e238e56df41d9a7aa3","920016","bc","40","-y","bc_perturbed","screening","","3","0","episode_horizon","0","236","square-seed920016-bc-b40","square-seed920016-bc-b40","0.0"
"square","18031b2ed2ee422f6e85bd8c113e199d46e0b29f3f2b2d6b4828e67449e0cf25","920001","ft","20","","parent","parent","","-1","1","horizon_or_natural_termination","0","400","","","0.0"
"square","18031b2ed2ee422f6e85bd8c113e199d46e0b29f3f2b2d6b4828e67449e0cf25","920001","ft","20","+x","sham","pulse","","-1","0","pulse_complete","316","4","square-seed920001-ft-b20","square-seed920001-ft-b20","0.0"
"square","18031b2ed2ee422f6e85bd8c113e199d46e0b29f3f2b2d6b4828e67449e0cf25","920001","ft","20","+x","perturbed","pulse","","-1","0","pulse_complete","316","4","square-seed920001-ft-b20","square-seed920001-ft-b20","0.25"
"square","c9e22005b58ba2524782e3068c8341554e419acf66f095e238e56df41d9a7aa3","920001","ft","20","+x","bc_sham","screening","","0","0","episode_horizon","0","316","square-seed920001-ft-b20","square-seed920001-ft-b20","0.0"
"square","c9e22005b58ba2524782e3068c8341554e419acf66f095e238e56df41d9a7aa3","920001","ft","20","+x","bc_sham","screening","","1","0","episode_horizon","0","316","square-seed920001-ft-b20","square-seed920001-ft-b20","0.0"
"square","c9e22005b58ba2524782e3068c8341554e419acf66f095e238e56df41d9a7aa3","920001","ft","20","+x","bc_sham","screening","","2","0","episode_horizon","0","316","square-seed920001-ft-b20","square-seed920001-ft-b20","0.0"
"square","c9e22005b58ba2524782e3068c8341554e419acf66f095e238e56df41d9a7aa3","920001","ft","20","+x","bc_sham","screening","","3","0","episode_horizon","0","316","square-seed920001-ft-b20","square-seed920001-ft-b20","0.0"
"square","c9e22005b58ba2524782e3068c8341554e419acf66f095e238e56df41d9a7aa3","920001","ft","20","+x","bc_perturbed","screening","","0","0","episode_horizon","0","316","square-seed920001-ft-b20","square-seed920001-ft-b20","0.0"
"square","c9e22005b58ba2524782e3068c8341554e419acf66f095e238e56df41d9a7aa3","920001","ft","20","+x","bc_perturbed","screening","","1","1","native_success","216","100","square-seed920001-ft-b20","square-seed920001-ft-b20","0.0"
"square","c9e22005b58ba2524782e3068c8341554e419acf66f095e238e56df41d9a7aa3","920001","ft","20","+x","bc_perturbed","screening","","2","0","episode_horizon","0","316","square-seed920001-ft-b20","square-seed920001-ft-b20","0.0"
"square","c9e22005b58ba2524782e3068c8341554e419acf66f095e238e56df41d9a7aa3","920001","ft","20","+x","bc_perturbed","screening","","3","0","episode_horizon","0","316","square-seed920001-ft-b20","square-seed920001-ft-b20","0.0"
"square","18031b2ed2ee422f6e85bd8c113e199d46e0b29f3f2b2d6b4828e67449e0cf25","920002","ft","40","","parent","parent","","-1","1","anchor_invalid_success_or_done","240","4","","","0.0"
"square","18031b2ed2ee422f6e85bd8c113e199d46e0b29f3f2b2d6b4828e67449e0cf25","920002","ft","40","","parent","parent","","-1","1","horizon_or_natural_termination","0","400","","","0.0"
"square","18031b2ed2ee422f6e85bd8c113e199d46e0b29f3f2b2d6b4828e67449e0cf25","920003","ft","20","","parent","parent","","-1","1","horizon_or_natural_termination","0","400","","","0.0"
"square","18031b2ed2ee422f6e85bd8c113e199d46e0b29f3f2b2d6b4828e67449e0cf25","920003","ft","20","+y","sham","pulse","","-1","0","pulse_complete","316","4","square-seed920003-ft-b20","square-seed920003-ft-b20","0.0"
"square","18031b2ed2ee422f6e85bd8c113e199d46e0b29f3f2b2d6b4828e67449e0cf25","920003","ft","20","+y","perturbed","pulse","","-1","0","pulse_complete","316","4","square-seed920003-ft-b20","square-seed920003-ft-b20","0.25"
"square","c9e22005b58ba2524782e3068c8341554e419acf66f095e238e56df41d9a7aa3","920003","ft","20","+y","bc_sham","screening","","0","0","episode_horizon","0","316","square-seed920003-ft-b20","square-seed920003-ft-b20","0.0"
"square","c9e22005b58ba2524782e3068c8341554e419acf66f095e238e56df41d9a7aa3","920003","ft","20","+y","bc_sham","screening","","1","0","episode_horizon","0","316","square-seed920003-ft-b20","square-seed920003-ft-b20","0.0"
"square","c9e22005b58ba2524782e3068c8341554e419acf66f095e238e56df41d9a7aa3","920003","ft","20","+y","bc_sham","screening","","2","0","episode_horizon","0","316","square-seed920003-ft-b20","square-seed920003-ft-b20","0.0"
"square","c9e22005b58ba2524782e3068c8341554e419acf66f095e238e56df41d9a7aa3","920003","ft","20","+y","bc_sham","screening","","3","0","episode_horizon","0","316","square-seed920003-ft-b20","square-seed920003-ft-b20","0.0"
"square","c9e22005b58ba2524782e3068c8341554e419acf66f095e238e56df41d9a7aa3","920003","ft","20","+y","bc_perturbed","screening","","0","0","episode_horizon","0","316","square-seed920003-ft-b20","square-seed920003-ft-b20","0.0"
"square","c9e22005b58ba2524782e3068c8341554e419acf66f095e238e56df41d9a7aa3","920003","ft","20","+y","bc_perturbed","screening","","1","1","native_success","276","40","square-seed920003-ft-b20","square-seed920003-ft-b20","0.0"
"square","c9e22005b58ba2524782e3068c8341554e419acf66f095e238e56df41d9a7aa3","920003","ft","20","+y","bc_perturbed","screening","","2","0","episode_horizon","0","316","square-seed920003-ft-b20","square-seed920003-ft-b20","0.0"
"square","c9e22005b58ba2524782e3068c8341554e419acf66f095e238e56df41d9a7aa3","920003","ft","20","+y","bc_perturbed","screening","","3","0","episode_horizon","0","316","square-seed920003-ft-b20","square-seed920003-ft-b20","0.0"
"square","18031b2ed2ee422f6e85bd8c113e199d46e0b29f3f2b2d6b4828e67449e0cf25","920004","ft","40","","parent","parent","","-1","1","horizon_or_natural_termination","0","400","","","0.0"
"square","18031b2ed2ee422f6e85bd8c113e199d46e0b29f3f2b2d6b4828e67449e0cf25","920004","ft","40","-y","sham","pulse","","-1","1","success_or_done_during_pulse","236","4","square-seed920004-ft-b40","square-seed920004-ft-b40","0.0"
"square","18031b2ed2ee422f6e85bd8c113e199d46e0b29f3f2b2d6b4828e67449e0cf25","920004","ft","40","-y","perturbed","pulse","","-1","0","pulse_complete","236","4","square-seed920004-ft-b40","square-seed920004-ft-b40","0.25"
"square","c9e22005b58ba2524782e3068c8341554e419acf66f095e238e56df41d9a7aa3","920004","ft","40","-y","bc_sham","screening","","0","1","success_at_pulse","236","0","square-seed920004-ft-b40","square-seed920004-ft-b40","0.0"
"square","c9e22005b58ba2524782e3068c8341554e419acf66f095e238e56df41d9a7aa3","920004","ft","40","-y","bc_sham","screening","","1","1","success_at_pulse","236","0","square-seed920004-ft-b40","square-seed920004-ft-b40","0.0"
"square","c9e22005b58ba2524782e3068c8341554e419acf66f095e238e56df41d9a7aa3","920004","ft","40","-y","bc_sham","screening","","2","1","success_at_pulse","236","0","square-seed920004-ft-b40","square-seed920004-ft-b40","0.0"
"square","c9e22005b58ba2524782e3068c8341554e419acf66f095e238e56df41d9a7aa3","920004","ft","40","-y","bc_sham","screening","","3","1","success_at_pulse","236","0","square-seed920004-ft-b40","square-seed920004-ft-b40","0.0"
"square","c9e22005b58ba2524782e3068c8341554e419acf66f095e238e56df41d9a7aa3","920004","ft","40","-y","bc_perturbed","screening","","0","1","native_success","228","8","square-seed920004-ft-b40","square-seed920004-ft-b40","0.0"
"square","c9e22005b58ba2524782e3068c8341554e419acf66f095e238e56df41d9a7aa3","920004","ft","40","-y","bc_perturbed","screening","","1","1","native_success","232","4","square-seed920004-ft-b40","square-seed920004-ft-b40","0.0"
"square","c9e22005b58ba2524782e3068c8341554e419acf66f095e238e56df41d9a7aa3","920004","ft","40","-y","bc_perturbed","screening","","2","1","native_success","220","16","square-seed920004-ft-b40","square-seed920004-ft-b40","0.0"
"square","c9e22005b58ba2524782e3068c8341554e419acf66f095e238e56df41d9a7aa3","920004","ft","40","-y","bc_perturbed","screening","","3","1","native_success","232","4","square-seed920004-ft-b40","square-seed920004-ft-b40","0.0"
"square","18031b2ed2ee422f6e85bd8c113e199d46e0b29f3f2b2d6b4828e67449e0cf25","920005","ft","20","","parent","parent","","-1","1","horizon_or_natural_termination","0","400","","","0.0"
"square","18031b2ed2ee422f6e85bd8c113e199d46e0b29f3f2b2d6b4828e67449e0cf25","920005","ft","20","+x","sham","pulse","","-1","0","pulse_complete","316","4","square-seed920005-ft-b20","square-seed920005-ft-b20","0.0"
"square","18031b2ed2ee422f6e85bd8c113e199d46e0b29f3f2b2d6b4828e67449e0cf25","920005","ft","20","+x","perturbed","pulse","","-1","0","pulse_complete","316","4","square-seed920005-ft-b20","square-seed920005-ft-b20","0.25"
"square","c9e22005b58ba2524782e3068c8341554e419acf66f095e238e56df41d9a7aa3","920005","ft","20","+x","bc_sham","screening","","0","1","native_success","304","12","square-seed920005-ft-b20","square-seed920005-ft-b20","0.0"
"square","c9e22005b58ba2524782e3068c8341554e419acf66f095e238e56df41d9a7aa3","920005","ft","20","+x","bc_sham","screening","","1","1","native_success","304","12","square-seed920005-ft-b20","square-seed920005-ft-b20","0.0"
"square","c9e22005b58ba2524782e3068c8341554e419acf66f095e238e56df41d9a7aa3","920005","ft","20","+x","bc_sham","screening","","2","1","native_success","304","12","square-seed920005-ft-b20","square-seed920005-ft-b20","0.0"
"square","c9e22005b58ba2524782e3068c8341554e419acf66f095e238e56df41d9a7aa3","920005","ft","20","+x","bc_sham","screening","","3","1","native_success","304","12","square-seed920005-ft-b20","square-seed920005-ft-b20","0.0"
"square","c9e22005b58ba2524782e3068c8341554e419acf66f095e238e56df41d9a7aa3","920005","ft","20","+x","bc_perturbed","screening","","0","1","native_success","300","16","square-seed920005-ft-b20","square-seed920005-ft-b20","0.0"
"square","c9e22005b58ba2524782e3068c8341554e419acf66f095e238e56df41d9a7aa3","920005","ft","20","+x","bc_perturbed","screening","","1","1","native_success","312","4","square-seed920005-ft-b20","square-seed920005-ft-b20","0.0"
"square","c9e22005b58ba2524782e3068c8341554e419acf66f095e238e56df41d9a7aa3","920005","ft","20","+x","bc_perturbed","screening","","2","1","native_success","300","16","square-seed920005-ft-b20","square-seed920005-ft-b20","0.0"
"square","c9e22005b58ba2524782e3068c8341554e419acf66f095e238e56df41d9a7aa3","920005","ft","20","+x","bc_perturbed","screening","","3","1","native_success","312","4","square-seed920005-ft-b20","square-seed920005-ft-b20","0.0"
"square","18031b2ed2ee422f6e85bd8c113e199d46e0b29f3f2b2d6b4828e67449e0cf25","920006","ft","40","","parent","parent","","-1","1","anchor_invalid_success_or_done","240","4","","","0.0"
"square","18031b2ed2ee422f6e85bd8c113e199d46e0b29f3f2b2d6b4828e67449e0cf25","920006","ft","40","","parent","parent","","-1","1","horizon_or_natural_termination","0","400","","","0.0"
"square","18031b2ed2ee422f6e85bd8c113e199d46e0b29f3f2b2d6b4828e67449e0cf25","920007","ft","20","","parent","parent","","-1","1","horizon_or_natural_termination","0","400","","","0.0"
"square","18031b2ed2ee422f6e85bd8c113e199d46e0b29f3f2b2d6b4828e67449e0cf25","920007","ft","20","+y","sham","pulse","","-1","0","pulse_complete","316","4","square-seed920007-ft-b20","square-seed920007-ft-b20","0.0"
"square","18031b2ed2ee422f6e85bd8c113e199d46e0b29f3f2b2d6b4828e67449e0cf25","920007","ft","20","+y","perturbed","pulse","","-1","0","pulse_complete","316","4","square-seed920007-ft-b20","square-seed920007-ft-b20","0.25"
"square","c9e22005b58ba2524782e3068c8341554e419acf66f095e238e56df41d9a7aa3","920007","ft","20","+y","bc_sham","screening","","0","0","episode_horizon","0","316","square-seed920007-ft-b20","square-seed920007-ft-b20","0.0"
"square","c9e22005b58ba2524782e3068c8341554e419acf66f095e238e56df41d9a7aa3","920007","ft","20","+y","bc_sham","screening","","1","0","episode_horizon","0","316","square-seed920007-ft-b20","square-seed920007-ft-b20","0.0"
"square","c9e22005b58ba2524782e3068c8341554e419acf66f095e238e56df41d9a7aa3","920007","ft","20","+y","bc_sham","screening","","2","0","episode_horizon","0","316","square-seed920007-ft-b20","square-seed920007-ft-b20","0.0"
"square","c9e22005b58ba2524782e3068c8341554e419acf66f095e238e56df41d9a7aa3","920007","ft","20","+y","bc_sham","screening","","3","0","episode_horizon","0","316","square-seed920007-ft-b20","square-seed920007-ft-b20","0.0"
"square","c9e22005b58ba2524782e3068c8341554e419acf66f095e238e56df41d9a7aa3","920007","ft","20","+y","bc_perturbed","screening","","0","0","episode_horizon","0","316","square-seed920007-ft-b20","square-seed920007-ft-b20","0.0"
"square","c9e22005b58ba2524782e3068c8341554e419acf66f095e238e56df41d9a7aa3","920007","ft","20","+y","bc_perturbed","screening","","1","0","episode_horizon","0","316","square-seed920007-ft-b20","square-seed920007-ft-b20","0.0"
"square","c9e22005b58ba2524782e3068c8341554e419acf66f095e238e56df41d9a7aa3","920007","ft","20","+y","bc_perturbed","screening","","2","0","episode_horizon","0","316","square-seed920007-ft-b20","square-seed920007-ft-b20","0.0"
"square","c9e22005b58ba2524782e3068c8341554e419acf66f095e238e56df41d9a7aa3","920007","ft","20","+y","bc_perturbed","screening","","3","0","episode_horizon","0","316","square-seed920007-ft-b20","square-seed920007-ft-b20","0.0"
"square","18031b2ed2ee422f6e85bd8c113e199d46e0b29f3f2b2d6b4828e67449e0cf25","920008","ft","40","","parent","parent","","-1","1","anchor_invalid_success_or_done","240","4","","","0.0"
"square","18031b2ed2ee422f6e85bd8c113e199d46e0b29f3f2b2d6b4828e67449e0cf25","920008","ft","40","","parent","parent","","-1","1","horizon_or_natural_termination","0","400","","","0.0"
"square","18031b2ed2ee422f6e85bd8c113e199d46e0b29f3f2b2d6b4828e67449e0cf25","920009","ft","20","","parent","parent","","-1","1","horizon_or_natural_termination","0","400","","","0.0"
"square","18031b2ed2ee422f6e85bd8c113e199d46e0b29f3f2b2d6b4828e67449e0cf25","920009","ft","20","+x","sham","pulse","","-1","0","pulse_complete","316","4","square-seed920009-ft-b20","square-seed920009-ft-b20","0.0"
"square","18031b2ed2ee422f6e85bd8c113e199d46e0b29f3f2b2d6b4828e67449e0cf25","920009","ft","20","+x","perturbed","pulse","","-1","0","pulse_complete","316","4","square-seed920009-ft-b20","square-seed920009-ft-b20","0.25"
"square","c9e22005b58ba2524782e3068c8341554e419acf66f095e238e56df41d9a7aa3","920009","ft","20","+x","bc_sham","screening","","0","0","episode_horizon","0","316","square-seed920009-ft-b20","square-seed920009-ft-b20","0.0"
"square","c9e22005b58ba2524782e3068c8341554e419acf66f095e238e56df41d9a7aa3","920009","ft","20","+x","bc_sham","screening","","1","0","episode_horizon","0","316","square-seed920009-ft-b20","square-seed920009-ft-b20","0.0"
"square","c9e22005b58ba2524782e3068c8341554e419acf66f095e238e56df41d9a7aa3","920009","ft","20","+x","bc_sham","screening","","2","0","episode_horizon","0","316","square-seed920009-ft-b20","square-seed920009-ft-b20","0.0"
"square","c9e22005b58ba2524782e3068c8341554e419acf66f095e238e56df41d9a7aa3","920009","ft","20","+x","bc_sham","screening","","3","0","episode_horizon","0","316","square-seed920009-ft-b20","square-seed920009-ft-b20","0.0"
"square","c9e22005b58ba2524782e3068c8341554e419acf66f095e238e56df41d9a7aa3","920009","ft","20","+x","bc_perturbed","screening","","0","0","episode_horizon","0","316","square-seed920009-ft-b20","square-seed920009-ft-b20","0.0"
"square","c9e22005b58ba2524782e3068c8341554e419acf66f095e238e56df41d9a7aa3","920009","ft","20","+x","bc_perturbed","screening","","1","1","native_success","244","72","square-seed920009-ft-b20","square-seed920009-ft-b20","0.0"
"square","c9e22005b58ba2524782e3068c8341554e419acf66f095e238e56df41d9a7aa3","920009","ft","20","+x","bc_perturbed","screening","","2","0","episode_horizon","0","316","square-seed920009-ft-b20","square-seed920009-ft-b20","0.0"
"square","c9e22005b58ba2524782e3068c8341554e419acf66f095e238e56df41d9a7aa3","920009","ft","20","+x","bc_perturbed","screening","","3","0","episode_horizon","0","316","square-seed920009-ft-b20","square-seed920009-ft-b20","0.0"
"square","18031b2ed2ee422f6e85bd8c113e199d46e0b29f3f2b2d6b4828e67449e0cf25","920010","ft","40","","parent","parent","","-1","1","anchor_invalid_success_or_done","240","4","","","0.0"
"square","18031b2ed2ee422f6e85bd8c113e199d46e0b29f3f2b2d6b4828e67449e0cf25","920010","ft","40","","parent","parent","","-1","1","horizon_or_natural_termination","0","400","","","0.0"
"square","18031b2ed2ee422f6e85bd8c113e199d46e0b29f3f2b2d6b4828e67449e0cf25","920011","ft","20","","parent","parent","","-1","1","horizon_or_natural_termination","0","400","","","0.0"
"square","18031b2ed2ee422f6e85bd8c113e199d46e0b29f3f2b2d6b4828e67449e0cf25","920011","ft","20","+y","sham","pulse","","-1","0","pulse_complete","316","4","square-seed920011-ft-b20","square-seed920011-ft-b20","0.0"
"square","18031b2ed2ee422f6e85bd8c113e199d46e0b29f3f2b2d6b4828e67449e0cf25","920011","ft","20","+y","perturbed","pulse","","-1","0","pulse_complete","316","4","square-seed920011-ft-b20","square-seed920011-ft-b20","0.25"
"square","c9e22005b58ba2524782e3068c8341554e419acf66f095e238e56df41d9a7aa3","920011","ft","20","+y","bc_sham","screening","","0","0","episode_horizon","0","316","square-seed920011-ft-b20","square-seed920011-ft-b20","0.0"
"square","c9e22005b58ba2524782e3068c8341554e419acf66f095e238e56df41d9a7aa3","920011","ft","20","+y","bc_sham","screening","","1","0","episode_horizon","0","316","square-seed920011-ft-b20","square-seed920011-ft-b20","0.0"
"square","c9e22005b58ba2524782e3068c8341554e419acf66f095e238e56df41d9a7aa3","920011","ft","20","+y","bc_sham","screening","","2","0","episode_horizon","0","316","square-seed920011-ft-b20","square-seed920011-ft-b20","0.0"
"square","c9e22005b58ba2524782e3068c8341554e419acf66f095e238e56df41d9a7aa3","920011","ft","20","+y","bc_sham","screening","","3","0","episode_horizon","0","316","square-seed920011-ft-b20","square-seed920011-ft-b20","0.0"
"square","c9e22005b58ba2524782e3068c8341554e419acf66f095e238e56df41d9a7aa3","920011","ft","20","+y","bc_perturbed","screening","","0","0","episode_horizon","0","316","square-seed920011-ft-b20","square-seed920011-ft-b20","0.0"
"square","c9e22005b58ba2524782e3068c8341554e419acf66f095e238e56df41d9a7aa3","920011","ft","20","+y","bc_perturbed","screening","","1","0","episode_horizon","0","316","square-seed920011-ft-b20","square-seed920011-ft-b20","0.0"
"square","c9e22005b58ba2524782e3068c8341554e419acf66f095e238e56df41d9a7aa3","920011","ft","20","+y","bc_perturbed","screening","","2","0","episode_horizon","0","316","square-seed920011-ft-b20","square-seed920011-ft-b20","0.0"
"square","c9e22005b58ba2524782e3068c8341554e419acf66f095e238e56df41d9a7aa3","920011","ft","20","+y","bc_perturbed","screening","","3","0","episode_horizon","0","316","square-seed920011-ft-b20","square-seed920011-ft-b20","0.0"
"square","18031b2ed2ee422f6e85bd8c113e199d46e0b29f3f2b2d6b4828e67449e0cf25","920012","ft","40","","parent","parent","","-1","1","anchor_invalid_success_or_done","240","4","","","0.0"
"square","18031b2ed2ee422f6e85bd8c113e199d46e0b29f3f2b2d6b4828e67449e0cf25","920012","ft","40","","parent","parent","","-1","1","horizon_or_natural_termination","0","400","","","0.0"
"square","18031b2ed2ee422f6e85bd8c113e199d46e0b29f3f2b2d6b4828e67449e0cf25","920013","ft","20","","parent","parent","","-1","1","horizon_or_natural_termination","0","400","","","0.0"
"square","18031b2ed2ee422f6e85bd8c113e199d46e0b29f3f2b2d6b4828e67449e0cf25","920013","ft","20","+x","sham","pulse","","-1","0","pulse_complete","316","4","square-seed920013-ft-b20","square-seed920013-ft-b20","0.0"
"square","18031b2ed2ee422f6e85bd8c113e199d46e0b29f3f2b2d6b4828e67449e0cf25","920013","ft","20","+x","perturbed","pulse","","-1","0","pulse_complete","316","4","square-seed920013-ft-b20","square-seed920013-ft-b20","0.25"
"square","c9e22005b58ba2524782e3068c8341554e419acf66f095e238e56df41d9a7aa3","920013","ft","20","+x","bc_sham","screening","","0","1","native_success","48","268","square-seed920013-ft-b20","square-seed920013-ft-b20","0.0"
"square","c9e22005b58ba2524782e3068c8341554e419acf66f095e238e56df41d9a7aa3","920013","ft","20","+x","bc_sham","screening","","1","1","native_success","216","100","square-seed920013-ft-b20","square-seed920013-ft-b20","0.0"
"square","c9e22005b58ba2524782e3068c8341554e419acf66f095e238e56df41d9a7aa3","920013","ft","20","+x","bc_sham","screening","","2","1","native_success","272","44","square-seed920013-ft-b20","square-seed920013-ft-b20","0.0"
"square","c9e22005b58ba2524782e3068c8341554e419acf66f095e238e56df41d9a7aa3","920013","ft","20","+x","bc_sham","screening","","3","0","episode_horizon","0","316","square-seed920013-ft-b20","square-seed920013-ft-b20","0.0"
"square","c9e22005b58ba2524782e3068c8341554e419acf66f095e238e56df41d9a7aa3","920013","ft","20","+x","bc_perturbed","screening","","0","1","native_success","312","4","square-seed920013-ft-b20","square-seed920013-ft-b20","0.0"
"square","c9e22005b58ba2524782e3068c8341554e419acf66f095e238e56df41d9a7aa3","920013","ft","20","+x","bc_perturbed","screening","","1","1","native_success","284","32","square-seed920013-ft-b20","square-seed920013-ft-b20","0.0"
"square","c9e22005b58ba2524782e3068c8341554e419acf66f095e238e56df41d9a7aa3","920013","ft","20","+x","bc_perturbed","screening","","2","1","native_success","312","4","square-seed920013-ft-b20","square-seed920013-ft-b20","0.0"
"square","c9e22005b58ba2524782e3068c8341554e419acf66f095e238e56df41d9a7aa3","920013","ft","20","+x","bc_perturbed","screening","","3","1","native_success","312","4","square-seed920013-ft-b20","square-seed920013-ft-b20","0.0"
"square","18031b2ed2ee422f6e85bd8c113e199d46e0b29f3f2b2d6b4828e67449e0cf25","920014","ft","40","","parent","parent","","-1","1","anchor_invalid_success_or_done","240","4","","","0.0"
"square","18031b2ed2ee422f6e85bd8c113e199d46e0b29f3f2b2d6b4828e67449e0cf25","920014","ft","40","","parent","parent","","-1","1","horizon_or_natural_termination","0","400","","","0.0"
"square","18031b2ed2ee422f6e85bd8c113e199d46e0b29f3f2b2d6b4828e67449e0cf25","920015","ft","20","","parent","parent","","-1","1","horizon_or_natural_termination","0","400","","","0.0"
"square","18031b2ed2ee422f6e85bd8c113e199d46e0b29f3f2b2d6b4828e67449e0cf25","920015","ft","20","+y","sham","pulse","","-1","0","pulse_complete","316","4","square-seed920015-ft-b20","square-seed920015-ft-b20","0.0"
"square","18031b2ed2ee422f6e85bd8c113e199d46e0b29f3f2b2d6b4828e67449e0cf25","920015","ft","20","+y","perturbed","pulse","","-1","0","pulse_complete","316","4","square-seed920015-ft-b20","square-seed920015-ft-b20","0.25"
"square","c9e22005b58ba2524782e3068c8341554e419acf66f095e238e56df41d9a7aa3","920015","ft","20","+y","bc_sham","screening","","0","1","native_success","60","256","square-seed920015-ft-b20","square-seed920015-ft-b20","0.0"
"square","c9e22005b58ba2524782e3068c8341554e419acf66f095e238e56df41d9a7aa3","920015","ft","20","+y","bc_sham","screening","","1","0","episode_horizon","0","316","square-seed920015-ft-b20","square-seed920015-ft-b20","0.0"
"square","c9e22005b58ba2524782e3068c8341554e419acf66f095e238e56df41d9a7aa3","920015","ft","20","+y","bc_sham","screening","","2","1","native_success","248","68","square-seed920015-ft-b20","square-seed920015-ft-b20","0.0"
"square","c9e22005b58ba2524782e3068c8341554e419acf66f095e238e56df41d9a7aa3","920015","ft","20","+y","bc_sham","screening","","3","1","native_success","248","68","square-seed920015-ft-b20","square-seed920015-ft-b20","0.0"
"square","c9e22005b58ba2524782e3068c8341554e419acf66f095e238e56df41d9a7aa3","920015","ft","20","+y","bc_perturbed","screening","","0","0","episode_horizon","0","316","square-seed920015-ft-b20","square-seed920015-ft-b20","0.0"
"square","c9e22005b58ba2524782e3068c8341554e419acf66f095e238e56df41d9a7aa3","920015","ft","20","+y","bc_perturbed","screening","","1","1","native_success","232","84","square-seed920015-ft-b20","square-seed920015-ft-b20","0.0"
"square","c9e22005b58ba2524782e3068c8341554e419acf66f095e238e56df41d9a7aa3","920015","ft","20","+y","bc_perturbed","screening","","2","0","episode_horizon","0","316","square-seed920015-ft-b20","square-seed920015-ft-b20","0.0"
"square","c9e22005b58ba2524782e3068c8341554e419acf66f095e238e56df41d9a7aa3","920015","ft","20","+y","bc_perturbed","screening","","3","1","native_success","16","300","square-seed920015-ft-b20","square-seed920015-ft-b20","0.0"
"square","18031b2ed2ee422f6e85bd8c113e199d46e0b29f3f2b2d6b4828e67449e0cf25","920016","ft","40","","parent","parent","","-1","1","anchor_invalid_success_or_done","240","4","","","0.0"
"square","18031b2ed2ee422f6e85bd8c113e199d46e0b29f3f2b2d6b4828e67449e0cf25","920016","ft","40","","parent","parent","","-1","1","horizon_or_natural_termination","0","400","","","0.0"
